Integration ID,Integration File Path,Connector ID,assignee,Auth Details,Params to Commands,verify button placement,generated manifest,run manifest make validate,wrote/checked code,shadowed command test passes,write tests,precommit/validate/unit tests passed,auth parity test passes,param parity test passes,code reviewed,code merged
AMP,Packs/AMP/Integrations/AMP/AMP.yml,Cisco Security,,,,,,,,,,,,,,
AMPv2,Packs/AMP/Integrations/AMPv2/AMPv2.yml,Cisco Security,,,,,,,,,,,,,,
APIVoid,Packs/APIVoid/Integrations/APIVoid/APIVoid.yml,APIVoid,,,,,,,,,,,,,,
AWS - ACM,Packs/AWS-ACM/Integrations/AWS-ACM/AWS-ACM.yml,AWS,,,,,,,,,,,,,,
AWS - AccessAnalyzer,Packs/AWS-AccessAnalyzer/Integrations/AWS-AccessAnalyzer/AWS-AccessAnalyzer.yml,AWS,,,,,,,,,,,,,,
AWS - Athena - Beta,Packs/AWS-Athena/Integrations/AWS-Athena/AWS-Athena.yml,AWS,,,,,,,,,,,,,,
AWS - CloudTrail,Packs/AWS-CloudTrail/Integrations/AWS-CloudTrail/AWS-CloudTrail.yml,AWS,,,,,,,,,,,,,,
AWS - CloudWatchLogs,Packs/AWS-CloudWatchLogs/Integrations/AWS-CloudWatchLogs/AWS-CloudWatchLogs.yml,AWS,,,,,,,,,,,,,,
AWS - EC2,Packs/AWS-EC2/Integrations/AWS-EC2/AWS-EC2.yml,AWS,,,,,,,,,,,,,,
AWS - GuardDuty,Packs/AWS-GuardDuty/Integrations/AWSGuardDuty/AWSGuardDuty.yml,AWS,,,,,,,,,,,,,,
AWS - GuardDuty Event Collector,Packs/AWS-GuardDuty/Integrations/AWSGuardDutyEventCollector/AWSGuardDutyEventCollector.yml,AWS,,,,,,,,,,,,,,
AWS - IAM,Packs/AWS-IAM/Integrations/AWS-IAM/AWS-IAM.yml,AWS,,,,,,,,,,,,,,
AWS - IAM Identity Center,Packs/AWS-IAMIdentityCenter/Integrations/AWSIAMIdentityCenter/AWSIAMIdentityCenter.yml,AWS,,,,,,,,,,,,,,
AWS - Lambda,Packs/AWS-Lambda/Integrations/AWS_Lambda/AWS_Lambda.yml,AWS,,,,,,,,,,,,,,
AWS - Organizations,Packs/AWS-Organizations/Integrations/AWSOrganizations/AWSOrganizations.yml,AWS,,,,,,,,,,,,,,
AWS - Route53,Packs/AWS-Route53/Integrations/AWSRoute53/AWSRoute53.yml,AWS,,,,,,,,,,,,,,
AWS - S3,Packs/AWS-S3/Integrations/AWS-S3/AWS-S3.yml,AWS,,,,,,,,,,,,,,
AWS - SNS,Packs/AWS-SNS/Integrations/AWSSNS/AWSSNS.yml,AWS,,,,,,,,,,,,,,
AWS - SQS,Packs/AWS-SQS/Integrations/AWS-SQS/AWS-SQS.yml,AWS,,,,,,,,,,,,,,
AWS - Security Hub,Packs/AWS-SecurityHub/Integrations/AWS_SecurityHub/AWS_SecurityHub.yml,AWS,,,,,,,,,,,,,,
AWS - System Manager,Packs/AWS_SystemManager/Integrations/AWSSystemManager/AWSSystemManager.yml,AWS,,,,,,,,,,,,,,
AWS Feed,Packs/FeedAWS/Integrations/FeedAWS/FeedAWS.yml,AWS,,,,,,,,,,,,,,
AWS Network Firewall,Packs/AWS-NetworkFirewall/Integrations/AWS-NetworkFirewall/AWS-NetworkFirewall.yml,AWS,,,,,,,,,,,,,,
AWS Sagemaker,Packs/AWS_Sagemaker/Integrations/AWSSagemaker/AWSSagemaker.yml,AWS,,,,,,,,,,,,,,
AWS Security Hub Event Collector,Packs/AWS-SecurityHub/Integrations/AWSSecurityHubEventCollector/AWSSecurityHubEventCollector.yml,AWS,,,,,,,,,,,,,,
AWS Security Lake,Packs/AWS-SecurityLake/Integrations/AWSSecurityLake/AWSSecurityLake.yml,AWS,,,,,,,,,,,,,,
AWS-EKS,Packs/AWS-EKS/Integrations/AWSEKS/AWSEKS.yml,AWS,,,,,,,,,,,,,,
AWS-ILM,Packs/AWS-ILM/Integrations/AWSILM/AWSILM.yml,AWS,,,,,,,,,,,,,,
AWS-SNS-Listener,Packs/AWS-SNS-Listener/Integrations/AWSSNSListener/AWSSNSListener.yml,AWS,,,,,,,,,,,,,,
AWS-WAF,Packs/AWS_WAF/Integrations/AWSWAF/AWSWAF.yml,AWS,,,,,,,,,,,,,,
Abnormal Security Event Collector,Packs/AbnormalSecurity/Integrations/AbnormalSecurityEventCollector/AbnormalSecurityEventCollector.yml,Abnormal Security,,,,,,,,,,,,,,
Absolute,Packs/Absolute/Integrations/Absolute/Absolute.yml,Absolute Software Absolute,,,,,,,,,,,,,,
AbuseIPDB,Packs/AbuseDB/Integrations/AbuseDB/AbuseDB.yml,AbuseIPDB,,,,,,,,,,,,,,
Active Directory Query v2,Packs/Active_Directory_Query/Integrations/Active_Directory_Query/Active_Directory_Query.yml,Microsoft Active Directory,,,,,,,,,,,,,,
ActiveMQ,Packs/ActiveMQ/Integrations/ActiveMQ/ActiveMQ.yml,Apache ActiveMQ,,,,,,,,,,,,,,
AdminByRequest,Packs/AdminByRequest/Integrations/AdminByRequestEventCollector/AdminByRequestEventCollector.yml,AdminByRequest,,,,,,,,,,,,,,
Aha,Packs/AHA/Integrations/AHA/AHA.yml,Aha,,,,,,,,,,,,,,
Akamai WAF,Packs/Akamai_WAF/Integrations/Akamai_WAF/Akamai_WAF.yml,Akamai,,,,,,,,,,,,,,
Akamai WAF SIEM,Packs/Akamai_SIEM/Integrations/Akamai_SIEM/Akamai_SIEM.yml,Akamai,,,,,,,,,,,,,,
AlgoSec,Packs/Algosec/Integrations/AlgoSec/AlgoSec.yml,AlgoSec,,,,,,,,,,,,,,
Alibaba Action Trail Event Collector,Packs/AlibabaActionTrail/Integrations/AlibabaActionTrailEventCollector/AlibabaActionTrailEventCollector.yml,Alibaba Alibaba Cloud,,,,,,,,,,,,,,
AlienVault OTX TAXII Feed,Packs/FeedAlienVault/Integrations/FeedAlienVaultOTXTaxii/FeedAlienVaultOTXTaxii.yml,AT&T Cybersecurity AlienVault,,,,,,,,,,,,,,
AlienVault OTX v2,Packs/AlienVault_OTX/Integrations/AlienVault_OTX_v2/AlienVault_OTX_v2.yml,AT&T Cybersecurity AlienVault,,,,,,,,,,,,,,
AlienVault Reputation Feed,Packs/FeedAlienVault/Integrations/FeedAlienVaultReputation/FeedAlienVaultReputation.yml,AT&T Cybersecurity AlienVault,,,,,,,,,,,,,,
AlienVault USM Anywhere,Packs/AlienVault_USM_Anywhere/Integrations/AlienVault_USM_Anywhere/AlienVault_USM_Anywhere.yml,AT&T Cybersecurity AlienVault,,,,,,,,,,,,,,
Amazon DynamoDB,Packs/AWS_DynamoDB/Integrations/AWS_DynamoDB/AWS_DynamoDB.yml,AWS,,,,,,,,,,,,,,
Anomali Enterprise,Packs/Anomali_Enterprise/Integrations/Anomali_Enterprise/Anomali_Enterprise.yml,Anomali,,,,,,,,,,,,,,
Anomali ThreatStream Feed,Packs/AnomaliThreatStreamFeed/Integrations/AnomaliThreatStreamFeed/AnomaliThreatStreamFeed.yml,Anomali,,,,,,,,,,,,,,
Anomali ThreatStream v3,Packs/Anomali_ThreatStream/Integrations/AnomaliThreatStreamv3/AnomaliThreatStreamv3.yml,Anomali,,,,,,,,,,,,,,
AnsibleACME,Packs/AnsibleLinux/Integrations/AnsibleACME/AnsibleACME.yml,Red Hat Ansible,,,,,,,,,,,,,,
AnsibleAlibabaCloud,Packs/AnsibleAlibabaCloud/Integrations/AnsibleAlibabaCloud/AnsibleAlibabaCloud.yml,Red Hat Ansible,,,,,,,,,,,,,,
AnsibleAzure,Packs/AnsibleAzure/Integrations/AnsibleAzure/AnsibleAzure.yml,Red Hat Ansible,,,,,,,,,,,,,,
AnsibleCiscoIOS,Packs/AnsibleCiscoIOS/Integrations/AnsibleCiscoIOS/AnsibleCiscoIOS.yml,Red Hat Ansible,,,,,,,,,,,,,,
AnsibleCiscoNXOS,Packs/AnsibleCiscoNXOS/Integrations/AnsibleCiscoNXOS/AnsibleCiscoNXOS.yml,Red Hat Ansible,,,,,,,,,,,,,,
AnsibleDNS,Packs/AnsibleLinux/Integrations/AnsibleDNS/AnsibleDNS.yml,Red Hat Ansible,,,,,,,,,,,,,,
AnsibleHCloud,Packs/AnsibleHetznerCloud/Integrations/AnsibleHCloud/AnsibleHCloud.yml,Red Hat Ansible,,,,,,,,,,,,,,
AnsibleKubernetes,Packs/AnsibleKubernetes/Integrations/AnsibleKubernetes/AnsibleKubernetes.yml,Red Hat Ansible,,,,,,,,,,,,,,
AnsibleLinux,Packs/AnsibleLinux/Integrations/AnsibleLinux/AnsibleLinux.yml,Red Hat Ansible,,,,,,,,,,,,,,
AnsibleMicrosoftWindows,Packs/AnsibleMicrosoftWindows/Integrations/AnsibleMicrosoftWindows/AnsibleMicrosoftWindows.yml,Red Hat Ansible,,,,,,,,,,,,,,
AnsibleOpenSSL,Packs/AnsibleLinux/Integrations/AnsibleOpenSSL/AnsibleOpenSSL.yml,Red Hat Ansible,,,,,,,,,,,,,,
AnsibleTower,Packs/AnsibleTower/Integrations/AnsibleTower/AnsibleTower.yml,Red Hat Ansible,,,,,,,,,,,,,,
AnsibleVMware,Packs/AnsibleVMware/Integrations/AnsibleVMware/AnsibleVMware.yml,Red Hat Ansible,,,,,,,,,,,,,,
AppSentinels.ai,Packs/AppSentinelsAi/Integrations/AppSentinelsAi/AppSentinelsAi.yml,AppSentinels,,,,,,,,,,,,,,
ArcSight ESM v2,Packs/ArcSightESM/Integrations/ArcSightESMv2/ArcSightESMv2.yml,ArcSight (OpenText) ArcSight (OpenText) ESM,,,,,,,,,,,,,,
ArcSight Logger,Packs/ArcSightLogger/Integrations/ArcSightLogger/ArcSightLogger.yml,ArcSight (OpenText) ArcSight (OpenText) Logger,,,,,,,,,,,,,,
Arkime,Packs/Arkime/Integrations/Arkime/Arkime.yml,Arkime,,,,,,,,,,,,,,
ArmisEventCollector,Packs/Armis/Integrations/ArmisEventCollector/ArmisEventCollector.yml,Armis,,,,,,,,,,,,,,
Atlassian Cloud MCP,Packs/AtlassianCloudMCP/Integrations/AtlassianCloudMCP/AtlassianCloudMCP.yml,Atlassian,,,,,,,,,,,,,,
Atlassian Confluence Cloud,Packs/AtlassianConfluenceCloud/Integrations/AtlassianConfluenceCloud/AtlassianConfluenceCloud.yml,Atlassian,,,,,,,,,,,,,,
Atlassian Confluence Server,Packs/Confluence/Integrations/Confluence/Confluence.yml,Atlassian,,,,,,,,,,,,,,
Atlassian IAM,Packs/Attlasian/Integrations/Attlasian_IAM/Attlasian_IAM.yml,Atlassian,,,,,,,,,,,,,,
AtlassianJiraServiceManagement,Packs/AtlassianJiraServiceManagement/Integrations/AtlassianJiraServiceManagement/AtlassianJiraServiceManagement.yml,Atlassian,,,,,,,,,,,,,,
AttackIQFireDrill,Packs/AttackIQFireDrill/Integrations/AttackIQFireDrill/AttackIQFireDrill.yml,AttackIQ,,,,,,,,,,,,,,
Awake Security,Packs/AwakeSecurity/Integrations/AwakeSecurity/AwakeSecurity.yml,Arista Networks,,,,,,,,,,,,,,
AwsSecretsManager,Packs/Aws-SecretsManager/Integrations/AwsSecretsManager/AwsSecretsManager.yml,AWS,,,,,,,,,,,,,,
Azure AD Connect Health Feed,Packs/FeedAzureADConnectHealth/Integrations/AzureADConnectHealthFeed/AzureADConnectHealthFeed.yml,Microsoft Entra ID,,,,,,,,,,,,,,
Azure Compute v2,Packs/AzureCompute/Integrations/AzureCompute_v2/AzureCompute_v2.yml,Microsoft Azure,,,,,,,,,,,,,,
Azure Firewall,Packs/AzureFirewall/Integrations/AzureFirewall/AzureFirewall.yml,Microsoft Azure,,,,,,,,,,,,,,
Azure Kubernetes Services,Packs/AzureKubernetesServices/Integrations/AzureKubernetesServices/AzureKubernetesServices.yml,Microsoft Azure,,,,,,,,,,,,,,
Azure Log Analytics,Packs/AzureLogAnalytics/Integrations/AzureLogAnalytics/AzureLogAnalytics.yml,Microsoft Azure Log Analytics,,,,,,,,,,,,,,
Azure Network Security Groups,Packs/AzureNetworkSecurityGroups/Integrations/AzureNetworkSecurityGroups/AzureNetworkSecurityGroups.yml,Microsoft Azure,,,,,,,,,,,,,,
Azure Resource Graph,Packs/AzureResourceGraph/Integrations/AzureResourceGraph/AzureResourceGraph.yml,Microsoft Azure,,,,,,,,,,,,,,
Azure SQL Management,Packs/AzureSQLManagement/Integrations/AzureSQLManagement/AzureSQLManagement.yml,Microsoft Azure,,,,,,,,,,,,,,
Azure Security Center v2,Packs/AzureSecurityCenter/Integrations/AzureSecurityCenter_v2/AzureSecurityCenter_v2.yml,Microsoft Security,,,,,,,,,,,,,,
Azure Sentinel,Packs/AzureSentinel/Integrations/AzureSentinel/AzureSentinel.yml,Microsoft Security,,,,,,,,,,,,,,
Azure Storage,Packs/AzureStorage/Integrations/AzureStorage/AzureStorage.yml,Microsoft Azure,,,,,,,,,,,,,,
Azure Storage Container,Packs/AzureStorageContainer/Integrations/AzureStorageContainer/AzureStorageContainer.yml,Microsoft Azure,,,,,,,,,,,,,,
Azure Storage FileShare,Packs/AzureStorageFileShare/Integrations/AzureStorageFileShare/AzureStorageFileShare.yml,Microsoft Azure,,,,,,,,,,,,,,
Azure Storage Queue,Packs/AzureStorageQueue/Integrations/AzureStorageQueue/AzureStorageQueue.yml,Microsoft Azure,,,,,,,,,,,,,,
Azure Storage Table,Packs/AzureStorageTable/Integrations/AzureStorageTable/AzureStorageTable.yml,Microsoft Azure,,,,,,,,,,,,,,
AzureDataExplorer,Packs/AzureDataExplorer/Integrations/AzureDataExplorer/AzureDataExplorer.yml,Microsoft Azure,,,,,,,,,,,,,,
AzureDevOps,Packs/AzureDevOps/Integrations/AzureDevOps/AzureDevOps.yml,Microsoft AzureDevOps,,,,,,,,,,,,,,
AzureFeed,Packs/FeedAzure/Integrations/FeedAzure/FeedAzure.yml,Microsoft Azure,,,,,,,,,,,,,,
AzureKeyVault,Packs/AzureKeyVault/Integrations/AzureKeyVault/AzureKeyVault.yml,Microsoft Azure,,,,,,,,,,,,,,
AzureRiskyUsers,Packs/AzureRiskyUsers/Integrations/AzureRiskyUsers/AzureRiskyUsers.yml,Microsoft Entra ID,,,,,,,,,,,,,,
AzureWAF,Packs/AzureWAF/Integrations/AzureWAF/AzureWAF.yml,Microsoft Azure,,,,,,,,,,,,,,
BMCHelixRemedyforce,Packs/BmcHelixRemedyForce/Integrations/BmcHelixRemedyForce/BmcHelixRemedyForce.yml,BMC Helix Remedyforce,,,,,,,,,,,,,,
BeyondTrust Password Safe,Packs/BeyondTrust_Password_Safe/Integrations/BeyondTrust_Password_Safe/BeyondTrust_Password_Safe.yml,BeyondTrust,,,,,,,,,,,,,,
BeyondTrust Privilege Management Cloud,Packs/BeyondTrust/Integrations/BeyondTrustPrivilegeManagementCloud/BeyondTrustPrivilegeManagementCloud.yml,BeyondTrust,,,,,,,,,,,,,,
BigFix,Packs/BigFix/Integrations/BigFix/BigFix.yml,HCL BigFix,,,,,,,,,,,,,,
BitSight Event Collector,Packs/BitSight/Integrations/BitSightEventCollector/BitSightEventCollector.yml,BitSight,,,,,,,,,,,,,,
Bitbucket,Packs/Bitbucket/Integrations/Bitbucket/Bitbucket.yml,Atlassian BitBucket,,,,,,,,,,,,,,
Bitwarden Password Manager,Packs/BitwardenPasswordManager/Integrations/BitwardenPasswordManager/BitwardenPasswordManager.yml,Bitwarden Bitwarden Password Manager,,,,,,,,,,,,,,
Blocklist_de Feed,Packs/FeedBlocklist_de/Integrations/FeedBlocklist_de/FeedBlocklist_de.yml,Blocklist.de Feed,,,,,,,,,,,,,,
BloodHoundEnterprise,Packs/BloodHoundEnterprise/Integrations/BloodHoundEnterprise/BloodHoundEnterprise.yml,SpecterOps BloodHoundEnterprise,,,,,,,,,,,,,,
BluecatAddressManager,Packs/BluecatAddressManager/Integrations/BluecatAddressManager/BluecatAddressManager.yml,BlueCat BluecatAddressManager,,,,,,,,,,,,,,
BmcITSM,Packs/BmcITSM/Integrations/BmcITSM/BmcITSM.yml,BMC,,,,,,,,,,,,,,
Box v2,Packs/Box/Integrations/BoxV2/BoxV2.yml,Box,,,,,,,,,,,,,,
BoxEventsCollector,Packs/Box/Integrations/BoxEventsCollector/BoxEventsCollector.yml,Box,,,,,,,,,,,,,,
BruteForceBlocker Feed,Packs/FeedBruteForceBlocker/Integrations/FeedBruteForceBlocker/FeedBruteForceBlocker.yml,BruteForceBlocker Feed,,,,,,,,,,,,,,
C2sec irisk,Packs/C2sec/Integrations/C2sec/C2sec.yml,C2sec irisk,,,,,,,,,,,,,,
CIRCL,Packs/CIRCL/Integrations/CIRCL/CIRCL.yml,CIRCL,,,,,,,,,,,,,,
CIRCL CVE Search,Packs/CIRCL/Integrations/CirclCVESearch/CirclCVESearch.yml,CIRCL CVE Search,,,,,,,,,,,,,,
CSVFeed,Packs/FeedCSV/Integrations/FeedCSV/FeedCSV.yml,CSVFeed,,,,,,,,,,,,,,
CapeSandbox,Packs/CapeSandbox/Integrations/CapeSandbox/CapeSandbox.yml,CapeSandbox,,,,,,,,,,,,,,
Carbon Black Endpoint Standard,Packs/CarbonBlackDefense/Integrations/CarbonBlackEndpointStandard/CarbonBlackEndpointStandard.yml,Carbon Black,,,,,,,,,,,,,,
Carbon Black Endpoint Standard v3,Packs/CarbonBlackDefense/Integrations/CarbonBlackEndpointStandardV3/CarbonBlackEndpointStandardV3.yml,Carbon Black,,,,,,,,,,,,,,
Carbon Black Enterprise EDR,Packs/CarbonBlackEnterpriseEDR/Integrations/CarbonBlackEnterpriseEDR/CarbonBlackEnterpriseEDR.yml,Carbon Black,,,,,,,,,,,,,,
CarbonBlackEndpointStandardEventCollector,Packs/CarbonBlackDefense/Integrations/CarbonBlackEndpointStandardEventCollector/CarbonBlackEndpointStandardEventCollector.yml,Carbon Black,,,,,,,,,,,,,,
CarbonBlackLiveResponseCloud,Packs/CarbonBlackDefense/Integrations/CarbonBlackLiveResponseCloud/CarbonBlackLiveResponseCloud.yml,Carbon Black,,,,,,,,,,,,,,
CarbonBlackProtectionV2,Packs/CarbonBlackProtect/Integrations/CarbonBlackProtect/CarbonBlackProtect.yml,Carbon Black,,,,,,,,,,,,,,
CelonisEventCollector,Packs/Celonis/Integrations/CelonisEventCollector/CelonisEventCollector.yml,Celonis,,,,,,,,,,,,,,
Centreon,Packs/Centreon/Integrations/Centreon/Centreon.yml,Centreon,,,,,,,,,,,,,,
CheckPhish,Packs/CheckPhish/Integrations/CheckPhish/CheckPhish.yml,CheckPhish,,,,,,,,,,,,,,
CheckPointFirewall_v2,Packs/CheckpointFirewall/Integrations/CheckPointFirewallV2/CheckPointFirewallV2.yml,Check Point Firewall,,,,,,,,,,,,,,
CheckPointHarmonyEndpoint,Packs/CheckPointHarmonyEndpoint/Integrations/CheckPointHarmonyEndpoint/CheckPointHarmonyEndpoint.yml,Check Point Harmony Endpoint,,,,,,,,,,,,,,
CheckPointSandBlast,Packs/CheckPointSandBlast/Integrations/CheckPointSandBlast/CheckPointSandBlast.yml,Check Point Threat Emulation (SandBlast),,,,,,,,,,,,,,
Cherwell,Packs/Cherwell/Integrations/Cherwell/Cherwell.yml,Ivanti Cherwell,,,,,,,,,,,,,,
CipherTrust,Packs/ThalesCipherTrustManager/Integrations/ThalesCipherTrustManager/ThalesCipherTrustManager.yml,CipherTrust,,,,,,,,,,,,,,
CircleCI,Packs/CircleCI/Integrations/CircleCI/CircleCI.yml,CircleCI,,,,,,,,,,,,,,
Cisco ASA,Packs/CiscoASA/Integrations/CiscoASA/CiscoASA.yml,Cisco Security,,,,,,,,,,,,,,
Cisco AppDynamics,Packs/CiscoAppDynamics/Integrations/CiscoAppDynamicsEventCollector/CiscoAppDynamicsEventCollector.yml,Cisco (Splunk) AppDynamics,,,,,,,,,,,,,,
Cisco CloudLock,Packs/CloudLock/Integrations/CiscoCloudLock/CiscoCloudLock.yml,Cisco Security,,,,,,,,,,,,,,
Cisco Firepower,Packs/CiscoFirepower/Integrations/CiscoFirepower/CiscoFirepower.yml,Cisco Security,,,,,,,,,,,,,,
Cisco ISE,Packs/cisco-ise/Integrations/cisco-ise/cisco-ise.yml,Cisco Security,,,,,,,,,,,,,,
Cisco Meraki v2,Packs/cisco-meraki/Integrations/CiscoMerakiv2/CiscoMerakiv2.yml,Cisco Meraki,,,,,,,,,,,,,,
Cisco Secure Malware Analytics,Packs/ThreatGrid/Integrations/FeedCiscoSecureMalwareAnalytics/FeedCiscoSecureMalwareAnalytics.yml,Cisco Security,,,,,,,,,,,,,,
Cisco Spark,Packs/CiscoSpark/Integrations/CiscoSpark/CiscoSpark.yml,Cisco Security,,,,,,,,,,,,,,
Cisco Stealthwatch,Packs/CiscoStealthwatch/Integrations/CiscoStealthwatch/CiscoStealthwatch.yml,Cisco Security,,,,,,,,,,,,,,
Cisco Umbrella Cloud Security v2,Packs/Cisco-umbrella-cloud-security/Integrations/CiscoUmbrellaCloudSecurityv2/CiscoUmbrellaCloudSecurityv2.yml,Cisco Cisco Umbrella,,,,,,,,,,,,,,
Cisco Umbrella Enforcement,Packs/Cisco-umbrella-enforcement/Integrations/CiscoUmbrellaEnforcement/CiscoUmbrellaEnforcement.yml,Cisco Cisco Umbrella,,,,,,,,,,,,,,
Cisco Umbrella Investigate,Packs/Cisco-umbrella/Integrations/Cisco-umbrella-investigate/Cisco-umbrella-investigate.yml,Cisco Cisco Umbrella,,,,,,,,,,,,,,
Cisco Umbrella Reporting,Packs/CiscoUmbrellaReporting/Integrations/CiscoUmbrellaReporting/CiscoUmbrellaReporting.yml,Cisco Cisco Umbrella,,,,,,,,,,,,,,
Cisco WebEx Feed,Packs/CiscoWebExFeed/Integrations/CiscoWebExFeed/CiscoWebExFeed.yml,Cisco Security,,,,,,,,,,,,,,
CiscoAMPEventCollector,Packs/AMP/Integrations/CiscoAMPEventCollector/CiscoAMPEventCollector.yml,Cisco Security,,,,,,,,,,,,,,
CiscoESA,Packs/IronPort/Integrations/CiscoEmailSecurityApplianceIronPortV2/CiscoEmailSecurityApplianceIronPortV2.yml,Cisco Security,,,,,,,,,,,,,,
CiscoSMA,Packs/CiscoSMA/Integrations/CiscoSMA/CiscoSMA.yml,Cisco Security,,,,,,,,,,,,,,
CiscoThousandEyes,Packs/CiscoThousandEyes/Integrations/CiscoThousandEyes/CiscoThousandEyes.yml,Cisco Security,,,,,,,,,,,,,,
CiscoWSAv2,Packs/CiscoWSA/Integrations/CiscoWSAV2/CiscoWSAV2.yml,Cisco Security,,,,,,,,,,,,,,
CiscoWebexEventCollector,Packs/CiscoSpark/Integrations/CiscoWebexEventCollector/CiscoWebexEventCollector.yml,Cisco Security,,,,,,,,,,,,,,
CitrixCloud,Packs/Citrix/Integrations/CitrixCloudEventCollector/CitrixCloudEventCollector.yml,Citrix,,,,,,,,,,,,,,
CitrixDaas,Packs/Citrix/Integrations/CitrixDaasEventCollector/CitrixDaasEventCollector.yml,Citrix,,,,,,,,,,,,,,
Clarizen IAM,Packs/Clarizen/Integrations/ClarizenIAM/ClarizenIAM.yml,Clarizen,,,,,,,,,,,,,,
Cloaken,Packs/Cloaken/Integrations/Cloaken/Cloaken.yml,Cloaken,,,,,,,,,,,,,,
CloudConvert,Packs/CloudConvert/Integrations/CloudConvert/CloudConvert.yml,CloudConvert,,,,,,,,,,,,,,
Cloudflare Feed,Packs/FeedCloudflare/Integrations/FeedCloudflare/FeedCloudflare.yml,Cloudflare,,,,,,,,,,,,,,
Cloudflare MCP,Packs/CloudflareMCP/Integrations/CloudflareMCP/CloudflareMCP.yml,Cloudflare,,,,,,,,,,,,,,
Cloudflare Zero Trust,Packs/CloudflareZeroTrust/Integrations/CloudflareZeroTrustEventCollector/CloudflareZeroTrustEventCollector.yml,Cloudflare,,,,,,,,,,,,,,
CloudflareWAF,Packs/CloudflareWAF/Integrations/CloudflareWAF/CloudflareWAF.yml,Cloudflare,,,,,,,,,,,,,,
Code42 Event Collector,Packs/Code42/Integrations/Code42EventCollector/Code42EventCollector.yml,Code42,,,,,,,,,,,,,,
Cohesity Helios Event Collector,Packs/CohesityHelios/Integrations/CohesityHeliosEventCollector/CohesityHeliosEventCollector.yml,Cohesity,,,,,,,,,,,,,,
Core Lock,Packs/DemistoLocking/Integrations/CoreLock/CoreLock.yml,Palo Alto Networks Cortex,,,,,,,,,,,,,,
Core REST API,Packs/DemistoRESTAPI/Integrations/CoreRESTAPI/CoreRESTAPI.yml,Palo Alto Networks Cortex,,,,,,,,,,,,,,
Cortex XDR - IOC,Packs/CortexXDR/Integrations/XDR_iocs/XDR_iocs.yml,Palo Alto Networks Cortex,,,,,,,,,,,,,,
Cortex XDR - IR,Packs/CortexXDR/Integrations/CortexXDRIR/CortexXDRIR.yml,Palo Alto Networks Cortex,,,,,,,,,,,,,,
Cortex XDR - XQL Query Engine,Packs/CortexXDR/Integrations/XQLQueryingEngine/XQLQueryingEngine.yml,Palo Alto Networks Cortex,,,,,,,,,,,,,,
CounterTack,Packs/CounterTack/Integrations/CounterTack/CounterTack.yml,CounterTack,,,,,,,,,,,,,,
CrowdStrike Falcon Intel v2,Packs/CrowdStrikeIntel/Integrations/CrowdStrikeFalconIntel_v2/CrowdStrikeFalconIntel_v2.yml,CrowdStrike Falcon,,,,,,,,,,,,,,
CrowdstrikeFalcon,Packs/CrowdStrikeFalcon/Integrations/CrowdStrikeFalcon/CrowdStrikeFalcon.yml,CrowdStrike Falcon,,,,,,,,,,,,,,
Cryptocurrency,Packs/Cryptocurrency/Integrations/Cryptocurrency/Cryptocurrency.yml,Cryptocurrency,,,,,,,,,,,,,,
Cuckoo Sandbox,Packs/CuckooSandbox/Integrations/CuckooSandbox/CuckooSandbox.yml,Cuckoo Cuckoo Sandbox,,,,,,,,,,,,,,
CybelAngel Event Collector,Packs/CybelAngel/Integrations/CybelAngelEventCollector/CybelAngelEventCollector.yml,CybelAngel,,,,,,,,,,,,,,
Cyber Triage,Packs/CyberTriage/Integrations/CyberTriage/CyberTriage.yml,Cyber Triage,,,,,,,,,,,,,,
CyberArk Identity Event Collector,Packs/CyberArkIdentity/Integrations/CyberArkIdentityEventCollector/CyberArkIdentityEventCollector.yml,CyberArk,,,,,,,,,,,,,,
CyberArkEPMEventCollector,Packs/CyberArkEPM/Integrations/CyberArkEPMEventCollector/CyberArkEPMEventCollector.yml,CyberArk,,,,,,,,,,,,,,
CyberArkEPMSOCResponse,Packs/CyberArkEPM/Integrations/CyberArkEPMSOCResponse/CyberArkEPMSOCResponse.yml,CyberArk,,,,,,,,,,,,,,
CyberArkISP,Packs/CyberArkPAS/Integrations/CyberArkISP/CyberArkISP.yml,CyberArk,,,,,,,,,,,,,,
Cylance Protect v2,Packs/Cylance_Protect/Integrations/Cylance_Protect_v2/Cylance_Protect_v2.yml,BlackBerry Cylance,,,,,,,,,,,,,,
DBot Truth Bombs,Packs/DBotTruthBombs/Integrations/DBotTruthBombs/DBotTruthBombs.yml,Cortex Automation Developer Tools,,,,,,,,,,,,,,
DHS Feed,Packs/FeedDHS/Integrations/DHS_Feed/DHS_Feed.yml,DHS,,,,,,,,,,,,,,
DHS Feed v2,Packs/FeedDHS/Integrations/DHSFeedV2/DHSFeedV2.yml,DHS,,,,,,,,,,,,,,
DShield Feed,Packs/FeedDShield/Integrations/FeedDShield/FeedDShield.yml,SANS Institute DShield Feed,,,,,,,,,,,,,,
DUO Admin,Packs/DuoAdminApi/Integrations/DuoAdminApi/DuoAdminApi.yml,Cisco Duo,,,,,,,,,,,,,,
Darktrace Event Collector,Packs/Darktrace/Integrations/DarktraceEventCollector/DarktraceEventCollector.yml,Darktrace,,,,,,,,,,,,,,
DeHashed,Packs/DeHashed/Integrations/DeHashed/DeHashed.yml,DeHashed,,,,,,,,,,,,,,
DecyfirEventCollector,Packs/DeCYFIR/Integrations/DecyfirEventCollector/DecyfirEventCollector.yml,Cyfirma DeCYFIR,,,,,,,,,,,,,,
Demisto Lock,Packs/DemistoLocking/Integrations/DemistoLock/DemistoLock.yml,Palo Alto Networks Cortex,,,,,,,,,,,,,,
DigitalGuardianARCEventCollector,Packs/DigitalGuardian/Integrations/DigitalGuardianARCEventCollector/DigitalGuardianARCEventCollector.yml,Digital Guardian (Fortra) Data Loss Prevention (DLP),,,,,,,,,,,,,,
Docusign,Packs/Docusign/Integrations/Docusign/Docusign.yml,Docusign,,,,,,,,,,,,,,
DropboxEventsCollector,Packs/Dropbox/Integrations/DropboxEventCollector/DropboxEventCollector.yml,Dropbox,,,,,,,,,,,,,,
DruvaEventCollector,Packs/Druva/Integrations/DruvaEventCollector/DruvaEventCollector.yml,Druva,,,,,,,,,,,,,,
Duo Event Collector,Packs/DuoAdminApi/Integrations/DuoEventCollector/DuoEventCollector.yml,Cisco Duo,,,,,,,,,,,,,,
EDL,Packs/EDL/Integrations/EDL/EDL.yml,EDL,,,,,,,,,,,,,,
EWS Extension Online Powershell v3,Packs/MicrosoftExchangeOnline/Integrations/EwsExtensionEXOPowershellV3/EwsExtensionEXOPowershellV3.yml,Microsoft Microsoft 365,,,,,,,,,,,,,,
EWS v2,Packs/MicrosoftExchangeOnPremise/Integrations/EWSv2/EWSv2.yml,Microsoft Microsoft 365,,,,,,,,,,,,,,
EWSO365,Packs/MicrosoftExchangeOnline/Integrations/EWSO365/EWSO365.yml,Microsoft Microsoft 365,,,,,,,,,,,,,,
EasyVista,Packs/EasyVista/Integrations/EasyVista/EasyVista.yml,EasyVista,,,,,,,,,,,,,,
Elasticsearch v2,Packs/Elasticsearch/Integrations/Elasticsearch_v2/Elasticsearch_v2.yml,ElasticSearch,,,,,,,,,,,,,,
ElasticsearchEventCollector,Packs/Elasticsearch/Integrations/ElasticsearchEventCollector/ElasticsearchEventCollector.yml,ElasticSearch,,,,,,,,,,,,,,
ElasticsearchFeed,Packs/FeedElasticsearch/Integrations/FeedElasticsearch/FeedElasticsearch.yml,ElasticSearch,,,,,,,,,,,,,,
Email Hippo,Packs/EmailHippo/Integrations/EmailHippo/EmailHippo.yml,Email Hippo,,,,,,,,,,,,,,
EmailRepIO,Packs/EmailRepIO/Integrations/EmailRepIO/EmailRepIO.yml,Sublime Security EmailRepIO,,,,,,,,,,,,,,
Endgame,Packs/Endgame/Integrations/Endgame/Endgame.yml,Endgame,,,,,,,,,,,,,,
Envoy IAM,Packs/Envoy/Integrations/EnvoyIAM/EnvoyIAM.yml,Envoy,,,,,,,,,,,,,,
Exabeam,Packs/Exabeam/Integrations/Exabeam/Exabeam.yml,Exabeam,,,,,,,,,,,,,,
Exabeam Data Lake,Packs/ExabeamDataLake/Integrations/ExabeamDataLake/ExabeamDataLake.yml,Exabeam,,,,,,,,,,,,,,
ExabeamSecOpsPlatform,Packs/ExabeamSecurityOperationsPlatform/Integrations/ExabeamSecOpsPlatform/ExabeamSecOpsPlatform.yml,Exabeam,,,,,,,,,,,,,,
ExceedLMS IAM,Packs/ExceedLMS/Integrations/IAMExceedLMS/IAMExceedLMS.yml,Intellum ExceedLMS IAM,,,,,,,,,,,,,,
ExtrahopRevealXEventCollector,Packs/ExtraHop/Integrations/ExtrahopRevealXEventCollector/ExtrahopRevealXEventCollector.yml,ExtraHop,,,,,,,,,,,,,,
F5 ASM,Packs/F5/Integrations/F5_ASM/F5_ASM.yml,F5,,,,,,,,,,,,,,
F5 firewall,Packs/F5/Integrations/F5Firewall/F5Firewall.yml,F5,,,,,,,,,,,,,,
F5Silverline,Packs/F5Silverline/Integrations/F5Silverline/F5Silverline.yml,F5,,,,,,,,,,,,,,
Fastly Feed,Packs/FeedFastly/Integrations/FeedFastly/FeedFastly.yml,Fastly Feed,,,,,,,,,,,,,,
FeedMISPThreatActors,Packs/FeedMISPThreatActors/Integrations/FeedMISPThreatActors/FeedMISPThreatActors.yml,MISP,,,,,,,,,,,,,,
FeedNVDv2,Packs/FeedNVDv2/Integrations/FeedNVDv2/FeedNVDv2.yml,NIST,,,,,,,,,,,,,,
FeedURLhaus,Packs/FeedURLhaus/Integrations/FeedURLhaus/FeedURLhaus.yml,abuse.ch,,,,,,,,,,,,,,
Feodo Tracker IP Blocklist Feed,Packs/FeedFeodoTracker/Integrations/FeedFeodoTrackerIPBlocklist/FeedFeodoTrackerIPBlocklist.yml,abuse.ch,,,,,,,,,,,,,,
Fidelis EDR,Packs/FidelisEndpoint/Integrations/FidelisEndpoint/FidelisEndpoint.yml,Fidelis,,,,,,,,,,,,,,
Fidelis Elevate Network,Packs/FidelisElevateNetwork/Integrations/FidelisElevateNetwork/FidelisElevateNetwork.yml,Fidelis Elevate Network,,,,,,,,,,,,,,
FireEye Central Management,Packs/FireEyeCM/Integrations/FireEyeCM/FireEyeCM.yml,Trellix Network Security (NX),,,,,,,,,,,,,,
FireEye ETP,Packs/FireEyeETP/Integrations/FireEyeETP/FireEyeETP.yml,Trellix Endpoint (HX),,,,,,,,,,,,,,
FireEye ETP Event Collector,Packs/FireEyeETP/Integrations/FireEyeETPEventCollector/FireEyeETPEventCollector.yml,Trellix Email Security (ETP),,,,,,,,,,,,,,
FireEye Email Security,Packs/FireEyeEX/Integrations/FireEyeEX/FireEyeEX.yml,Trellix Email Security (ETP),,,,,,,,,,,,,,
FireEye HX Event Collector,Packs/FireEyeHX/Integrations/FireEyeHXEventCollector/FireEyeHXEventCollector.yml,Trellix Threat Intel,,,,,,,,,,,,,,
FireEye iSIGHT,Packs/isight/Integrations/FireEyeISIGHT/FireEyeISIGHT.yml,Trellix Threat Intel,,,,,,,,,,,,,,
FireEyeFeed,Packs/FeedFireEye/Integrations/FeedFireEye/FeedFireEye.yml,Trellix Threat Intel,,,,,,,,,,,,,,
FireEyeHX v2,Packs/FireEyeHX/Integrations/FireEyeHXv2/FireEyeHXv2.yml,Trellix Endpoint (HX),,,,,,,,,,,,,,
FireEyeHelix,Packs/FireEyeHelix/Integrations/FireEyeHelix/FireEyeHelix.yml,Trellix Network Security (NX),,,,,,,,,,,,,,
FireEyeNX,Packs/FireEyeNX/Integrations/FireEyeNX/FireEyeNX.yml,Trellix Email Security (ETP),,,,,,,,,,,,,,
Forcepoint,Packs/Forcepoint/Integrations/Forcepoint/Forcepoint.yml,Forcepoint,,,,,,,,,,,,,,
Forcepoint Security Management Center,Packs/ForcepointSecurityManagementCenter/Integrations/ForcepointSecurityManagementCenter/ForcepointSecurityManagementCenter.yml,Forcepoint,,,,,,,,,,,,,,
Forescout,Packs/Forescout/Integrations/Forescout/Forescout.yml,Forescout,,,,,,,,,,,,,,
ForescoutEyeInspect,Packs/ForescoutEyeInspect/Integrations/ForescoutEyeInspect/ForescoutEyeInspect.yml,Forescout,,,,,,,,,,,,,,
FortiGate,Packs/FortiGate/Integrations/FortiGate/FortiGate.yml,Fortinet,,,,,,,,,,,,,,
FortiManager,Packs/FortiManager/Integrations/FortiManager/FortiManager.yml,Fortinet,,,,,,,,,,,,,,
FortiSIEM,Packs/FortiSIEM/Integrations/FortiSIEM/FortiSIEM.yml,Fortinet,,,,,,,,,,,,,,
FortiSIEMV2,Packs/FortiSIEM/Integrations/FortiSIEMV2/FortiSIEMV2.yml,Fortinet,,,,,,,,,,,,,,
FortiSandboxv2,Packs/FortiSandbox/Integrations/FortiSandboxv2/FortiSandboxv2.yml,Fortinet,,,,,,,,,,,,,,
FraudWatch,Packs/FraudWatch/Integrations/FraudWatch/FraudWatch.yml,FraudWatch,,,,,,,,,,,,,,
Freshdesk,Packs/FreshDesk/Integrations/FreshDesk/FreshDesk.yml,Freshworks Freshdesk,,,,,,,,,,,,,,
FreshworksFreshservice,Packs/FreshworksFreshservice/Integrations/FreshworksFreshservice/FreshworksFreshservice.yml,Freshworks Freshservice,,,,,,,,,,,,,,
G Suite Security Alert Center,Packs/GSuiteSecurityAlertCenter/Integrations/GSuiteSecurityAlertCenter/GSuiteSecurityAlertCenter.yml,Google Google Workspace,,,,,,,,,,,,,,
GCP-IAM,Packs/GCP-IAM/Integrations/GCPIAM/GCPIAM.yml,Google GCP,,,,,,,,,,,,,,
GRR,Packs/GRR/Integrations/GRR/GRR.yml,GRR,,,,,,,,,,,,,,
GSuiteAdmin,Packs/GSuiteAdmin/Integrations/GSuiteAdmin/GSuiteAdmin.yml,Google Google Workspace,,,,,,,,,,,,,,
GSuiteAuditor,Packs/GsuiteAuditor/Integrations/GsuiteAuditor/GsuiteAuditor.yml,Google Google Workspace,,,,,,,,,,,,,,
Gamma,Packs/Gamma/Integrations/Gamma/Gamma.yml,Gamma,,,,,,,,,,,,,,
Generic MCP,Packs/GenericMCP/Integrations/GenericMCP/GenericMCP.yml,Generic MCP,,,,,,,,,,,,,,
Generic SQL,Packs/GenericSQL/Integrations/GenericSQL/GenericSQL.yml,Generic SQL,,,,,,,,,,,,,,
Generic Webhook,Packs/GenericWebhook/Integrations/GenericWebhook/GenericWebhook.yml,Generic Webhook,,,,,,,,,,,,,,
GenesysCloud,Packs/GenesysCloud/Integrations/GenesysCloud/GenesysCloud.yml,Genesys,,,,,,,,,,,,,,
Genetec Security Center Event Collector,Packs/GenetecSecurityCenter/Integrations/GenetecSecurityCenterEventCollector/GenetecSecurityCenterEventCollector.yml,Genetec Physical Security,,,,,,,,,,,,,,
Giphy,Packs/Giphy/Integrations/Giphy/Giphy.yml,Giphy,,,,,,,,,,,,,,
GitGuardianEventCollector,Packs/GitGuardian/Integrations/GitGuardianEventCollector/GitGuardianEventCollector.yml,GitGuardian,,,,,,,,,,,,,,
GitHub,Packs/GitHub/Integrations/GitHub/GitHub.yml,Microsoft GitHub,,,,,,,,,,,,,,
GitHub IAM,Packs/GitHub/Integrations/GitHub_IAM/GitHub_IAM.yml,Microsoft GitHub,,,,,,,,,,,,,,
GitHub MCP,Packs/GitHubMCP/Integrations/GitHubMCP/GitHubMCP.yml,Microsoft GitHub,,,,,,,,,,,,,,
GitLab Event Collector,Packs/GitLab/Integrations/GitLabEventCollector/GitLabEventCollector.yml,GitLab,,,,,,,,,,,,,,
GitLabv2,Packs/GitLab/Integrations/GitLabv2/GitLabv2.yml,GitLab,,,,,,,,,,,,,,
Github Event Collector,Packs/GitHub/Integrations/GitHubEventCollector/GitHubEventCollector.yml,Microsoft GitHub,,,,,,,,,,,,,,
Github Feed,Packs/FeedGitHub/Integrations/FeedGitHub/FeedGitHub.yml,Microsoft GitHub,,,,,,,,,,,,,,
Gmail,Packs/Gmail/Integrations/Gmail/Gmail.yml,Google Google Workspace,,,,,,,,,,,,,,
Gmail Single User,Packs/GmailSingleUser/Integrations/GmailSingleUser/GmailSingleUser.yml,Google Google Workspace,,,,,,,,,,,,,,
Google Apigee,Packs/GoogleApigee/Integrations/GoogleApigeeEventCollector/GoogleApigeeEventCollector.yml,Google Google Workspace,,,,,,,,,,,,,,
Google BigQuery,Packs/GoogleBigQuery/Integrations/GoogleBigQuery/GoogleBigQuery.yml,Google GCP,,,,,,,,,,,,,,
Google Cloud Compute,Packs/GoogleCloudCompute/Integrations/GoogleCloudCompute/GoogleCloudCompute.yml,Google GCP,,,,,,,,,,,,,,
Google Cloud Functions,Packs/GoogleCloudFunctions/Integrations/GoogleCloudFunctions/GoogleCloudFunctions.yml,Google GCP,,,,,,,,,,,,,,
Google Cloud Storage,Packs/GoogleCloudStorage/Integrations/GoogleCloudStorage/GoogleCloudStorage.yml,Google GCP,,,,,,,,,,,,,,
Google IP Ranges Feed,Packs/FeedGCPWhitelist/Integrations/FeedGoogleIPRanges/FeedGoogleIPRanges.yml,Google Google IP Ranges Feed,,,,,,,,,,,,,,
Google Key Management Service,Packs/GoogleKeyManagementService/Integrations/GoogleKeyManagementService/GoogleKeyManagementService.yml,Google GCP,,,,,,,,,,,,,,
Google Resource Manager,Packs/GoogleResourceManager/Integrations/GoogleResourceManager/GoogleResourceManager.yml,Google GCP,,,,,,,,,,,,,,
Google Safe Browsing v2,Packs/GoogleSafeBrowsing/Integrations/GoogleSafeBrowsingV2/GoogleSafeBrowsingV2.yml,Google Google Safe Browsing v2,,,,,,,,,,,,,,
Google Vision AI,Packs/GoogleVisionAPI/Integrations/GoogleVisionAPI/GoogleVisionAPI.yml,Google GCP,,,,,,,,,,,,,,
GoogleCalendar,Packs/GoogleCalendar/Integrations/GoogleCalendar/GoogleCalendar.yml,Google Google Workspace,,,,,,,,,,,,,,
GoogleCloudLogging,Packs/GoogleCloudLogging/Integrations/GoogleCloudLogging/GoogleCloudLogging.yml,Google GCP,,,,,,,,,,,,,,
GoogleCloudTranslate,Packs/GoogleCloudTranslate/Integrations/GoogleCloudTranslate/GoogleCloudTranslate.yml,Google GCP,,,,,,,,,,,,,,
GoogleDocs,Packs/GoogleDocs/Integrations/GoogleDocs/GoogleDocs.yml,Google Google Workspace,,,,,,,,,,,,,,
GoogleDrive,Packs/GoogleDrive/Integrations/GoogleDrive/GoogleDrive.yml,Google Google Workspace,,,,,,,,,,,,,,
GoogleGemini,Packs/GoogleGemini/Integrations/GoogleGemini/GoogleGemini.yml,Google Google AI,,,,,,,,,,,,,,
GoogleKubernetesEngine,Packs/GoogleKubernetesEngine/Integrations/GoogleKubernetesEngine/GoogleKubernetesEngine.yml,Google GCP,,,,,,,,,,,,,,
GoogleMaps,Packs/GoogleMaps/Integrations/GoogleMaps/GoogleMaps.yml,Google GoogleMaps,,,,,,,,,,,,,,
GooglePubSub,Packs/GooglePubSub/Integrations/GooglePubSub/GooglePubSub.yml,Google GCP,,,,,,,,,,,,,,
GoogleSheets,Packs/GoogleSheets/Integrations/GoogleSheets/GoogleSheets.yml,Google Google Workspace,,,,,,,,,,,,,,
Grafana,Packs/Grafana/Integrations/Grafana/Grafana.yml,Grafana Labs,,,,,,,,,,,,,,
GraphQL,Packs/GraphQL/Integrations/GraphQL/GraphQL.yml,GraphQL,,,,,,,,,,,,,,
GuardiCore v2,Packs/GuardiCore/Integrations/GuardiCoreV2/GuardiCoreV2.yml,Akamai,,,,,,,,,,,,,,
Guidance Encase Endpoint,Packs/Guidance_Encase_Endpoint/Integrations/GuidanceEncaseEndpoint/GuidanceEncaseEndpoint.yml,OpenText EnCase Endpoint Investigator,,,,,,,,,,,,,,
HPEArubaCentralEventCollector,Packs/HPEArubaCentral/Integrations/HPEArubaCentralEventCollector/HPEArubaCentralEventCollector.yml,HPE Aruba,,,,,,,,,,,,,,
HPEArubaClearPass,Packs/HPEArubaClearPass/Integrations/HPEArubaClearPass/HPEArubaClearPass.yml,HPE Aruba,,,,,,,,,,,,,,
Halcyon,Packs/Halcyon/Integrations/Halcyon/Halcyon.yml,Halcyon,,,,,,,,,,,,,,
HashiCorp Vault,Packs/HashiCorp-Vault/Integrations/HashiCorpVault/HashiCorpVault.yml,HashiCorp,,,,,,,,,,,,,,
HashicorpTerraform,Packs/HashiCorpTerraform/Integrations/HashiCorpTerraform/HashiCorpTerraform.yml,HashiCorp,,,,,,,,,,,,,,
Have I Been Pwned? V2,Packs/Pwned/Integrations/PwnedV2/PwnedV2.yml,HIBP Have I Been Pwned,,,,,,,,,,,,,,
Hello IAM World,Packs/HelloIAMWorld/Integrations/HelloIAMWorld/HelloIAMWorld.yml,Cortex Automation Developer Tools,,,,,,,,,,,,,,
HostIo,Packs/HostIo/Integrations/HostIo/HostIo.yml,Hostio Solutions HostIo,,,,,,,,,,,,,,
IBM Resilient Systems,Packs/IBMResilientSystems/Integrations/IBMResilientSystems/IBMResilientSystems.yml,IBM QRadar SOAR (Resilient),,,,,,,,,,,,,,
IBMMaaS360Security,Packs/IBMMaaS360Security/Integrations/IBMMaaS360SecurityEventCollector/IBMMaaS360SecurityEventCollector.yml,IBM Security,,,,,,,,,,,,,,
IBMSecurityGuardium,Packs/IBMGuardium/Integrations/IBMSecurityGuardium/IBMSecurityGuardium.yml,IBM Security,,,,,,,,,,,,,,
IBMSecurityVerify,Packs/IBMSecurityVerify/Integrations/IBMSecurityVerify/IBMSecurityVerify.yml,IBM Security,,,,,,,,,,,,,,
Image OCR,Packs/ImageOCR/Integrations/ImageOCR/ImageOCR.yml,Tesseract Image OCR,,,,,,,,,,,,,,
Imperva Skyfence,Packs/Imperva_Skyfence/Integrations/ImpervaSkyfence/ImpervaSkyfence.yml,Imperva,,,,,,,,,,,,,,
Imperva WAF,Packs/Imperva_WAF/Integrations/ImpervaWAF/ImpervaWAF.yml,Imperva,,,,,,,,,,,,,,
Incapsula,Packs/Incapsula/Integrations/Incapsula/Incapsula.yml,Imperva Incapsula,,,,,,,,,,,,,,
InfoArmor VigilanteATI,Packs/InfoArmor_VigilanteATI/Integrations/InfoArmorVigilanteATI/InfoArmorVigilanteATI.yml,InfoArmor,,,,,,,,,,,,,,
Infoblox BloxOne Threat Defense Event Collector,Packs/InfobloxBloxOne/Integrations/InfobloxBloxOneThreatDefenseEventCollector/InfobloxBloxOneThreatDefenseEventCollector.yml,Infoblox,,,,,,,,,,,,,,
Ipstack,Packs/Ipstack/Integrations/Ipstack/Ipstack.yml,Ipstack,,,,,,,,,,,,,,
Ironscales Event Collector,Packs/IronscalesEventCollector/Integrations/IronscalesEventCollector/IronscalesEventCollector.yml,Ironscales,,,,,,,,,,,,,,
IsItPhishing,Packs/IsItPhishing/Integrations/IsItPhishing/IsItPhishing.yml,Hornetsecurity IsItPhishing,,,,,,,,,,,,,,
Ivanti Heat,Packs/IvantiHeat/Integrations/IvantiHeat/IvantiHeat.yml,Ivanti Heat,,,,,,,,,,,,,,
JSON Feed,Packs/FeedJSON/Integrations/FeedJSON/FeedJSON.yml,JSON Feed,,,,,,,,,,,,,,
Jamf Protect Event Collector,Packs/JamfProtect/Integrations/JamfProtectEventCollector/JamfProtectEventCollector.yml,Jamf,,,,,,,,,,,,,,
Jira Event Collector,Packs/Jira/Integrations/JiraEventCollector/JiraEventCollector.yml,Atlassian,,,,,,,,,,,,,,
Jira V3,Packs/Jira/Integrations/JiraV3/JiraV3.yml,Atlassian,,,,,,,,,,,,,,
JoeSecurityV2,Packs/JoeSecurity/Integrations/JoeSecurityV2/JoeSecurityV2.yml,Joe Security,,,,,,,,,,,,,,
JsonWhoIs,Packs/JsonWhoIs/Integrations/JsonWhoIs/JsonWhoIs.yml,JsonWhoIs.com,,,,,,,,,,,,,,
KOI,Packs/Koi/Integrations/Koi/Koi.yml,Sekoia,,,,,,,,,,,,,,
KafkaV3,Packs/Kafka/Integrations/KafkaV3/KafkaV3.yml,Apache KafkaV3,,,,,,,,,,,,,,
KeeperSecurity,Packs/KeeperSecurity/Integrations/KeeperSecurity/KeeperSecurity.yml,Keeper Security,,,,,,,,,,,,,,
Kennav2,Packs/Kenna/Integrations/KennaV2/KennaV2.yml,Kenna Security,,,,,,,,,,,,,,
KnowBe4 KMSAT Event Collector,Packs/KnowBe4_KMSAT/Integrations/KnowBe4KMSATEventCollector/KnowBe4KMSATEventCollector.yml,KnowBe4,,,,,,,,,,,,,,
Koodous,Packs/Koodous/Integrations/Koodous/Koodous.yml,Koodous,,,,,,,,,,,,,,
LOLBAS Feed,Packs/FeedLOLBAS/Integrations/FeedLOLBAS/FeedLOLBAS.yml,LOLBAS Project LOLBAS Feed,,,,,,,,,,,,,,
Lastline v2,Packs/Lastline/Integrations/Lastline_v2/Lastline_v2.yml,Lastline sandbox,,,,,,,,,,,,,,
Lockpath KeyLight v2,Packs/Lokpath_Keylight/Integrations/Lockpath_KeyLight_v2/Lockpath_KeyLight_v2.yml,Lockpath Lockpath KeyLight v2,,,,,,,,,,,,,,
LogRhythmRest,Packs/LogRhythmRest/Integrations/LogRhythmRest/LogRhythmRest.yml,LogRhythm LogRhythmRest V2,,,,,,,,,,,,,,
LogRhythmRest V2,Packs/LogRhythmRest/Integrations/LogRhythmRestV2/LogRhythmRestV2.yml,LogRhythm LogRhythmRest V2,,,,,,,,,,,,,,
Looker,Packs/Looker/Integrations/Looker/Looker.yml,Looker,,,,,,,,,,,,,,
LookoutMobileEndpointSecurity,Packs/LookoutMobileEndpointSecurity/Integrations/LookoutMobileEndpointSecurity/LookoutMobileEndpointSecurity.yml,Lookout LookoutMobileEndpointSecurity,,,,,,,,,,,,,,
MISP Feed,Packs/FeedMISP/Integrations/FeedMISP/FeedMISP.yml,MISP,,,,,,,,,,,,,,
MISP V3,Packs/MISP/Integrations/MISPV3/MISPV3.yml,MISP,,,,,,,,,,,,,,
MITRE ATT&CK v2,Packs/FeedMitreAttackv2/Integrations/FeedMitreAttackv2/FeedMitreAttackv2.yml,MITRE,,,,,,,,,,,,,,
Mail Listener v2,Packs/MailListener/Integrations/MailListenerV2/MailListenerV2.yml,Mail utilities,,,,,,,,,,,,,,
Mail Sender (New),Packs/MailSenderNew/Integrations/MailSenderNew/MailSenderNew.yml,Mail utilities,,,,,,,,,,,,,,
MailListener - POP3,Packs/MailListener_-_POP3/Integrations/MailListener_POP3/MailListener_POP3.yml,Mail utilities,,,,,,,,,,,,,,
Majestic Million,Packs/FeedMajesticMillion/Integrations/MajesticMillion/MajesticMillion.yml,Majestic Majestic Million,,,,,,,,,,,,,,
Maltiverse,Packs/Maltiverse/Integrations/Maltiverse/Maltiverse.yml,Maltiverse,,,,,,,,,,,,,,
MalwareBazaar,Packs/MalwareBazaar/Integrations/MalwareBazaar/MalwareBazaar.yml,abuse.ch,,,,,,,,,,,,,,
MalwareBazaar Feed,Packs/FeedMalwareBazaar/Integrations/MalwareBazaarFeed/MalwareBazaarFeed.yml,abuse.ch,,,,,,,,,,,,,,
ManageEngine,Packs/ManageEngine/Integrations/ManageEngineEventCollector/ManageEngineEventCollector.yml,ManageEngine (Zoho),,,,,,,,,,,,,,
MattermostV2,Packs/Mattermost/Integrations/MattermostV2/MattermostV2.yml,Mattermost MattermostV2,,,,,,,,,,,,,,
MaxMind GeoIP2,Packs/MaxMind_GeoIP2/Integrations/MaxMind_GeoIP2/MaxMind_GeoIP2.yml,MaxMind MaxMind GeoIP2,,,,,,,,,,,,,,
McAfee Active Response,Packs/McAfee-MAR/Integrations/McAfee-MAR/McAfee-MAR.yml,Trellix SIEM (ESM),,,,,,,,,,,,,,
McAfee Advanced Threat Defense,Packs/McAfee_Advanced_Threat_Defense/Integrations/McAfee_Advanced_Threat_Defense/McAfee_Advanced_Threat_Defense.yml,Trellix Endpoint (ePO),,,,,,,,,,,,,,
McAfee DXL,Packs/McAfee_DXL/Integrations/McAfee_DXL/McAfee_DXL.yml,Trellix Sandbox (ATD),,,,,,,,,,,,,,
McAfee ESM v2,Packs/McAfee_ESM/Integrations/McAfee_ESM_v2/McAfee_ESM_v2.yml,Trellix Endpoint (ePO),,,,,,,,,,,,,,
McAfee Threat Intelligence Exchange V2,Packs/McAfee-TIE/Integrations/McAfeeTIEV2/McAfeeTIEV2.yml,Trellix Endpoint (ePO),,,,,,,,,,,,,,
McAfee ePO v2,Packs/epo/Integrations/epoV2/epoV2.yml,Trellix Endpoint (ePO),,,,,,,,,,,,,,
McAfeeDAM,Packs/mcafeeDam/Integrations/McAfeeDAM/McAfeeDAM.yml,Trellix Database Security,,,,,,,,,,,,,,
McAfeeNSMv2,Packs/McAfeeNSM/Integrations/McAfeeNSMv2/McAfeeNSMv2.yml,Trellix Network (IPS),,,,,,,,,,,,,,
Microsoft 365 Defender,Packs/Microsoft365Defender/Integrations/Microsoft365Defender/Microsoft365Defender.yml,Microsoft Security,,,,,,,,,,,,,,
Microsoft Defender Advanced Threat Protection,Packs/MicrosoftDefenderAdvancedThreatProtection/Integrations/MicrosoftDefenderAdvancedThreatProtection/MicrosoftDefenderAdvancedThreatProtection.yml,Microsoft Security,,,,,,,,,,,,,,
Microsoft Defender for Cloud Apps Event Collector,Packs/MicrosoftCloudAppSecurity/Integrations/MicrosoftDefenderEventCollector/MicrosoftDefenderEventCollector.yml,Microsoft Security,,,,,,,,,,,,,,
Microsoft Defender for Cloud Event Collector,Packs/AzureSecurityCenter/Integrations/MicrosoftDefenderForCloudEventCollector/MicrosoftDefenderForCloudEventCollector.yml,Microsoft Security,,,,,,,,,,,,,,
Microsoft Endpoint Configuration Manager,Packs/MicrosoftECM/Integrations/MicrosoftECM/MicrosoftECM.yml,Microsoft Endpoint Configuration Manager,,,,,,,,,,,,,,
Microsoft Graph,Packs/MicrosoftGraphSecurity/Integrations/MicrosoftGraphSecurity/MicrosoftGraphSecurity.yml,Microsoft Security,,,,,,,,,,,,,,
Microsoft Graph API,Packs/MicrosoftGraphAPI/Integrations/MicrosoftGraphAPI/MicrosoftGraphAPI.yml,Microsoft MS Graph,,,,,,,,,,,,,,
Microsoft Graph Calendar,Packs/MicrosoftGraphCalendar/Integrations/MicrosoftGraphCalendar/MicrosoftGraphCalendar.yml,Microsoft Microsoft 365,,,,,,,,,,,,,,
Microsoft Graph Device Management,Packs/MicrosoftGraphDeviceManagement/Integrations/MicrosoftGraphDeviceManagement/MicrosoftGraphDeviceManagement.yml,Microsoft MS Graph,,,,,,,,,,,,,,
Microsoft Graph Groups,Packs/MicrosoftGraphGroups/Integrations/MicrosoftGraphGroups/MicrosoftGraphGroups.yml,Microsoft Entra ID,,,,,,,,,,,,,,
Microsoft Graph Mail Single User,Packs/MicrosoftGraphMail/Integrations/MicrosoftGraphListener/MicrosoftGraphListener.yml,Microsoft MS Graph,,,,,,,,,,,,,,
Microsoft Graph User,Packs/MicrosoftGraphUser/Integrations/MicrosoftGraphUser/MicrosoftGraphUser.yml,Microsoft Entra ID,,,,,,,,,,,,,,
Microsoft Intune Feed,Packs/FeedMicrosoftIntune/Integrations/FeedMicrosoftIntune/FeedMicrosoftIntune.yml,Microsoft Security,,,,,,,,,,,,,,
Microsoft Management Activity API (O365 Azure Events),Packs/MicrosoftManagementActivity/Integrations/MicrosoftManagementActivity/MicrosoftManagementActivity.yml,Microsoft Microsoft 365,,,,,,,,,,,,,,
Microsoft Teams,Packs/MicrosoftTeams/Integrations/MicrosoftTeams/MicrosoftTeams.yml,Microsoft Microsoft 365,,,,,,,,,,,,,,
Microsoft Teams Management,Packs/MicrosoftTeams/Integrations/MicrosoftTeamsManagement/MicrosoftTeamsManagement.yml,Microsoft Microsoft 365,,,,,,,,,,,,,,
Microsoft Teams via Webhook,Packs/MicrosoftTeams/Integrations/MicrosoftTeamsWebhook/MicrosoftTeamsWebhook.yml,Microsoft Microsoft 365,,,,,,,,,,,,,,
MicrosoftCloudAppSecurity,Packs/MicrosoftCloudAppSecurity/Integrations/MicrosoftCloudAppSecurity/MicrosoftCloudAppSecurity.yml,Microsoft Security,,,,,,,,,,,,,,
MicrosoftDefenderThreatIntelligence,Packs/MicrosoftDefenderThreatIntelligence/Integrations/MicrosoftDefenderThreatIntelligence/MicrosoftDefenderThreatIntelligence.yml,Microsoft Security,,,,,,,,,,,,,,
MicrosoftGraphApplications,Packs/MicrosoftGraphApplications/Integrations/MicrosoftGraphApplications/MicrosoftGraphApplications.yml,Microsoft Entra ID,,,,,,,,,,,,,,
MicrosoftGraphIdentityandAccess,Packs/MicrosoftGraphIdentityandAccess/Integrations/MicrosoftGraphIdentityandAccess/MicrosoftGraphIdentityandAccess.yml,Microsoft Entra ID,,,,,,,,,,,,,,
MicrosoftGraphMail,Packs/MicrosoftGraphMail/Integrations/MicrosoftGraphMail/MicrosoftGraphMail.yml,Microsoft Microsoft 365,,,,,,,,,,,,,,
MicrosoftPolicyAndComplianceAuditLog,Packs/Office365AndAzureAuditLog/Integrations/MicrosoftPolicyAndComplianceAuditLog/MicrosoftPolicyAndComplianceAuditLog.yml,Microsoft Security,,,,,,,,,,,,,,
Microsoft_Graph_Files,Packs/MicrosoftGraphFiles/Integrations/MicrosoftGraphFiles/MicrosoftGraphFiles.yml,Microsoft Microsoft 365,,,,,,,,,,,,,,
Mimecast Event Collector v2,Packs/Mimecast/Integrations/MimecastEventCollectorV2/MimecastEventCollectorV2.yml,Mimecast,,,,,,,,,,,,,,
MimecastV2,Packs/Mimecast/Integrations/MimecastV2/MimecastV2.yml,Mimecast,,,,,,,,,,,,,,
MondayEventCollector,Packs/Monday/Integrations/MondayEventCollector/MondayEventCollector.yml,Monday.com,,,,,,,,,,,,,,
MongoDB,Packs/MongoDB/Integrations/MongoDB/MongoDB.yml,MongoDB,,,,,,,,,,,,,,
MongoDB Key Value Store,Packs/MongoDB/Integrations/MongoDBKeyValueStore/MongoDBKeyValueStore.yml,MongoDB,,,,,,,,,,,,,,
MongoDB Log,Packs/MongoDB/Integrations/MongoDBLog/MongoDBLog.yml,MongoDB,,,,,,,,,,,,,,
MongoDBAtlasEventCollector,Packs/MongoDBAtlas/Integrations/MongoDBAtlasEventCollector/MongoDBAtlasEventCollector.yml,MongoDB,,,,,,,,,,,,,,
MxToolBox,Packs/MxToolBox/Integrations/MxToolBox/MxToolBox.yml,MxToolBox,,,,,,,,,,,,,,
Nessus,Packs/nessus/Integrations/Nessus/Nessus.yml,Tenable,,,,,,,,,,,,,,
NetBox Event Collector,Packs/NetBox/Integrations/NetBoxEventCollector/NetBoxEventCollector.yml,NetBox Labs NetBox Event Collector,,,,,,,,,,,,,,
NetQuestOMX,Packs/NetQuestOMX/Integrations/NetQuestOMX/NetQuestOMX.yml,NetQuest,,,,,,,,,,,,,,
Netcraft V2,Packs/Netcraft_V2/Integrations/Netcraft/Netcraft.yml,Netcraft,,,,,,,,,,,,,,
Netmiko,Packs/Netmiko/Integrations/Netmiko/Netmiko.yml,Netmiko,,,,,,,,,,,,,,
NetskopeAPIv1,Packs/Netskope/Integrations/NetskopeAPIv1/NetskopeAPIv1.yml,Netskope,,,,,,,,,,,,,,
NetskopeEventCollector_v2,Packs/Netskope/Integrations/NetskopeEventCollector_v2/NetskopeEventCollector_v2.yml,Netskope,,,,,,,,,,,,,,
Nutanix Hypervisor,Packs/NutanixHypervisor/Integrations/NutanixHypervisor/NutanixHypervisor.yml,Nutanix Virtualization,,,,,,,,,,,,,,
O365 Defender SafeLinks,Packs/Microsoft365Defender/Integrations/O365DefenderSafeLinks/O365DefenderSafeLinks.yml,Microsoft Microsoft 365,,,,,,,,,,,,,,
OPSWAT-Metadefender V2,Packs/opswat-metadefender/Integrations/OPSWATMetadefenderV2/OPSWATMetadefenderV2.yml,OPSWAT Metadefender,,,,,,,,,,,,,,
Office 365 Feed,Packs/FeedOffice365/Integrations/FeedOffice365/FeedOffice365.yml,Microsoft Microsoft 365,,,,,,,,,,,,,,
Okta Event Collector,Packs/Okta/Integrations/OktaEventCollector/OktaEventCollector.yml,Okta,,,,,,,,,,,,,,
Okta IAM,Packs/Okta/Integrations/Okta_IAM/Okta_IAM.yml,Okta,,,,,,,,,,,,,,
Okta v2,Packs/Okta/Integrations/Okta_v2/Okta_v2.yml,Okta,,,,,,,,,,,,,,
OktaASA,Packs/OktaASA/Integrations/OktaASA/OktaASA.yml,Okta,,,,,,,,,,,,,,
OktaAuth0EventCollector,Packs/OktaAuth0/Integrations/OktaAuth0EventCollector/OktaAuth0EventCollector.yml,Okta,,,,,,,,,,,,,,
OnboardingIntegration,Packs/OnboardingIntegration/Integrations/OnboardingIntegration/OnboardingIntegration.yml,Cortex Automation Developer Tools,,,,,,,,,,,,,,
OneLogin Event Collector,Packs/OneLogin/Integrations/OneLoginEventCollector/OneLoginEventCollector.yml,OneLogin,,,,,,,,,,,,,,
OnePassword,Packs/OnePassword/Integrations/OnePassword/OnePassword.yml,1Password,,,,,,,,,,,,,,
OpenAi ChatGPT v3,Packs/OpenAI/Integrations/OpenAiChatGPTV3/OpenAiChatGPTV3.yml,OpenAI,,,,,,,,,,,,,,
OpenCTI,Packs/OpenCTI/Integrations/OpenCTI/OpenCTI.yml,OpenCTI,,,,,,,,,,,,,,
OpenCTI Feed 4.X,Packs/FeedOpenCTI/Integrations/FeedOpenCTI_v4/FeedOpenCTI_v4.yml,OpenCTI,,,,,,,,,,,,,,
OpenCVE,Packs/OpenCVE/Integrations/OpenCVE/OpenCVE.yml,OpenCVE,,,,,,,,,,,,,,
OpenLDAP,Packs/OpenLDAP/Integrations/OpenLDAP/OpenLDAP.yml,OpenLDAP,,,,,,,,,,,,,,
OpenPhish_v2,Packs/OpenPhish/Integrations/OpenPhish_v2/OpenPhish_v2.yml,OpenPhish,,,,,,,,,,,,,,
OpsGenieV3,Packs/OpsGenie/Integrations/OpsGenieV3/OpsGenieV3.yml,Atlassian,,,,,,,,,,,,,,
OracleCloudInfrastructureEventCollector,Packs/OracleCloudInfrastructure/Integrations/OracleCloudInfrastructureEventCollector/OracleCloudInfrastructureEventCollector.yml,Oracle OCI,,,,,,,,,,,,,,
OracleIAM,Packs/Oracle_IAM/Integrations/OracleIAM/OracleIAM.yml,Oracle IAM,,,,,,,,,,,,,,
Orca Event Collector,Packs/Orca/Integrations/OrcaEventCollector/OrcaEventCollector.yml,Orca Security,,,,,,,,,,,,,,
PATHelpdeskAdvanced,Packs/PATHelpdeskAdvanced/Integrations/PATHelpdeskAdvanced/PATHelpdeskAdvanced.yml,Palo Alto Networks Internal Support / Helpdesk,,,,,,,,,,,,,,
PacketMail,Packs/PacketMail/Integrations/PacketMail/PacketMail.yml,PacketMail,,,,,,,,,,,,,,
Packetsled,Packs/Packetsled/Integrations/Packetsled/Packetsled.yml,Packetsled,,,,,,,,,,,,,,
PagerDuty v2,Packs/PagerDuty/Integrations/PagerDuty/PagerDuty.yml,PagerDuty,,,,,,,,,,,,,,
Palo Alto Networks - Prisma SASE,Packs/PrismaAccess/Integrations/PrismaSASE/PrismaSASE.yml,Palo Alto Networks Prisma,,,,,,,,,,,,,,
Palo Alto Networks AIOps,Packs/PaloAltoNetworksAIOps/Integrations/PaloAltoNetworksAIOps/PaloAltoNetworksAIOps.yml,Palo Alto Networks PAN-OS,,,,,,,,,,,,,,
Palo Alto Networks Enterprise DLP,Packs/Palo_Alto_Networks_Enterprise_DLP/Integrations/Palo_Alto_Networks_Enterprise_DLP/Palo_Alto_Networks_Enterprise_DLP.yml,Palo Alto Networks Prisma,,,,,,,,,,,,,,
Palo Alto Networks IoT,Packs/PaloAltoNetworks_IoT/Integrations/PaloAltoNetworks_IoT/PaloAltoNetworks_IoT.yml,Palo Alto Networks PAN-OS,,,,,,,,,,,,,,
Palo Alto Networks Threat Vault v2,Packs/PaloAltoNetworks_Threat_Vault/Integrations/ThreatVaultv2/ThreatVaultv2.yml,Palo Alto Networks PAN-OS,,,,,,,,,,,,,,
Palo Alto Networks Threat Vault v2 Feed,Packs/FeedThreatVault/Integrations/FeedThreatVault/FeedThreatVault.yml,Palo Alto Networks PAN-OS,,,,,,,,,,,,,,
PaloAltoNetworks_PrismaCloudCompute,Packs/PrismaCloudCompute/Integrations/PaloAltoNetworks_PrismaCloudCompute/PaloAltoNetworks_PrismaCloudCompute.yml,Palo Alto Networks Prisma,,,,,,,,,,,,,,
Panorama,Packs/PAN-OS/Integrations/Panorama/Panorama.yml,Palo Alto Networks PAN-OS,,,,,,,,,,,,,,
Perch,Packs/Perch/Integrations/Perch/Perch.yml,Perch,,,,,,,,,,,,,,
PhishLabs IOC,Packs/PhishLabs/Integrations/PhishLabsIOC/PhishLabsIOC.yml,PhishLabs,,,,,,,,,,,,,,
PhishLabs IOC DRP,Packs/PhishLabs/Integrations/PhishLabsIOC_DRP/PhishLabsIOC_DRP.yml,PhishLabs,,,,,,,,,,,,,,
PhishLabs IOC EIR,Packs/PhishLabs/Integrations/PhishLabsIOC_EIR/PhishLabsIOC_EIR.yml,PhishLabs,,,,,,,,,,,,,,
PhishTank V2,Packs/PhishTank/Integrations/PhishTankV2/PhishTankV2.yml,Cisco Threat Intel Feed,,,,,,,,,,,,,,
Pipl,Packs/Pipl/Integrations/Pipl/Pipl.yml,Pipl,,,,,,,,,,,,,,
Plain Text Feed,Packs/FeedPlainText/Integrations/FeedPlainText/FeedPlainText.yml,Plain Text Feed,,,,,,,,,,,,,,
Prisma Access,Packs/PrismaAccess/Integrations/PrismaAccess/PrismaAccess.yml,Palo Alto Networks Prisma,,,,,,,,,,,,,,
Prisma Access Egress IP feed,Packs/PrismaAccess/Integrations/PrismaAccessEgressIPFeed/PrismaAccessEgressIPFeed.yml,Palo Alto Networks Prisma,,,,,,,,,,,,,,
PrismaCloud IAM,Packs/PrismaCloud/Integrations/PrismaCloudIAM/PrismaCloudIAM.yml,Palo Alto Networks Prisma,,,,,,,,,,,,,,
PrismaCloud v2,Packs/PrismaCloud/Integrations/PrismaCloudV2/PrismaCloudV2.yml,Palo Alto Networks Prisma,,,,,,,,,,,,,,
Proofpoint Email Security Event Collector,Packs/ProofpointEmailSecurity/Integrations/ProofpointEmailSecurityEventCollector/ProofpointEmailSecurityEventCollector.yml,Proofpoint,,,,,,,,,,,,,,
Proofpoint Protection Server v2,Packs/ProofpointServerProtection/Integrations/ProofpointProtectionServerV2/ProofpointProtectionServerV2.yml,Proofpoint,,,,,,,,,,,,,,
Proofpoint TAP v2,Packs/ProofpointTAP/Integrations/ProofpointTAP_v2/ProofpointTAP_v2.yml,Proofpoint,,,,,,,,,,,,,,
Proofpoint Threat Protection,Packs/ProofpointThreatProtection/Integrations/ProofpointThreatProtection/ProofpointThreatProtection.yml,Proofpoint,,,,,,,,,,,,,,
Proofpoint Threat Response,Packs/ProofpointThreatResponse/Integrations/ProofpointThreatResponse/ProofpointThreatResponse.yml,Proofpoint,,,,,,,,,,,,,,
ProofpointIsolationEventCollector,Packs/ProofpointIsolation/Integrations/ProofpointIsolationEventCollector/ProofpointIsolationEventCollector.yml,Proofpoint,,,,,,,,,,,,,,
ProofpointThreatResponseEventCollector,Packs/ProofpointThreatResponse/Integrations/ProofpointThreatResponseEventCollector/ProofpointThreatResponseEventCollector.yml,Proofpoint,,,,,,,,,,,,,,
ProtectWise,Packs/ProtectWise/Integrations/ProtectWise/ProtectWise.yml,ProtectWise,,,,,,,,,,,,,,
Public DNS Feed,Packs/FeedPublicDNS/Integrations/FeedPublicDNS/FeedPublicDNS.yml,Public DNS Feed,,,,,,,,,,,,,,
QRadar v3,Packs/QRadar/Integrations/QRadar_v3/QRadar_v3.yml,IBM QRadar,,,,,,,,,,,,,,
QualysV2,Packs/qualys/Integrations/Qualysv2/Qualysv2.yml,Qualys,,,,,,,,,,,,,,
RSA Archer v2,Packs/ArcherRSA/Integrations/ArcherV2/ArcherV2.yml,RSA,,,,,,,,,,,,,,
RSA NetWitness Endpoint,Packs/RSANetWitnessEndpoint/Integrations/RSANetWitnessEndpoint/RSANetWitnessEndpoint.yml,RSA,,,,,,,,,,,,,,
RSA NetWitness Security Analytics,Packs/RsaNetwitnessSecurityAnalytics/Integrations/RSANetWitnessSecurityAnalytics/RSANetWitnessSecurityAnalytics.yml,RSA,,,,,,,,,,,,,,
RSS Feed,Packs/FeedRSS/Integrations/FeedRSS/FeedRSS.yml,RSS Advisory Board (Standard) RSS Feed,,,,,,,,,,,,,,
RTIR,Packs/RTIR/Integrations/RTIR/RTIR.yml,Best Practical RTIR,,,,,,,,,,,,,,
Radware Cloud DDoS Protection Services,Packs/RadwareCloudDDoSProtectionServices/Integrations/RadwareCloudDDoSProtectionServices/RadwareCloudDDoSProtectionServices.yml,Radware,,,,,,,,,,,,,,
Rapid7 InsightIDR,Packs/Rapid7_InsightIDR/Integrations/Rapid7_InsightIDR/Rapid7_InsightIDR.yml,Rapid7,,,,,,,,,,,,,,
Rapid7 Nexpose,Packs/Rapid7_Nexpose/Integrations/Rapid7_Nexpose/Rapid7_Nexpose.yml,Rapid7,,,,,,,,,,,,,,
Rasterize,Packs/rasterize/Integrations/rasterize/rasterize.yml,Rasterize,,,,,,,,,,,,,,
Recorded Future Feed,Packs/FeedRecordedFuture/Integrations/FeedRecordedFuture/FeedRecordedFuture.yml,Recorded Future,,,,,,,,,,,,,,
RecordedFutureEventCollector,Packs/RecordedFuture/Integrations/RecordedFutureEventCollector/RecordedFutureEventCollector.yml,Recorded Future,,,,,,,,,,,,,,
RedCanary,Packs/RedCanary/Integrations/RedCanary/RedCanary.yml,Red Canary,,,,,,,,,,,,,,
Redmine,Packs/Redmine/Integrations/Redmine/Redmine.yml,Redmine,,,,,,,,,,,,,,
ReliaQuest GreyMatter DRP Event Collector,Packs/DigitalShadows/Integrations/ReliaQuestGreyMatterDRPEventCollector/ReliaQuestGreyMatterDRPEventCollector.yml,ReliaQuest,,,,,,,,,,,,,,
ReliaQuest GreyMatter DRP Incidents,Packs/DigitalShadows/Integrations/ReliaQuestGreyMatterDRPIncidents/ReliaQuestGreyMatterDRPIncidents.yml,ReliaQuest,,,,,,,,,,,,,,
Remedy AR,Packs/Remedy_AR/Integrations/RemedyAR/RemedyAR.yml,BMC Remedy AR,,,,,,,,,,,,,,
RemoteAccess v2,Packs/RemoteAccess/Integrations/RemoteAccessv2/RemoteAccessv2.yml,RemoteAccess v2,,,,,,,,,,,,,,
Retarus Secure Email Gateway,Packs/RetarusSecureEmailGateway/Integrations/RetarusSecureEmailGateway/RetarusSecureEmailGateway.yml,Retarus Secure Email Gateway,,,,,,,,,,,,,,
RunZero Event Collector,Packs/RunZero/Integrations/RunZeroEventCollector/RunZeroEventCollector.yml,RunZero,,,,,,,,,,,,,,
Rundeck,Packs/Rundeck/Integrations/Rundeck/Rundeck.yml,PagerDuty,,,,,,,,,,,,,,
SAP-IAM,Packs/SAP_IAM/Integrations/SAPIAM/SAPIAM.yml,SAP,,,,,,,,,,,,,,
SAPBTP,Packs/SAP_BTP/Integrations/SAPBTP/SAPBTP.yml,SAP,,,,,,,,,,,,,,
SAPCloudForCustomerC4C,Packs/SAPCloudForCustomerC4C/Integrations/SAPCloudForCustomerC4C/SAPCloudForCustomerC4C.yml,SAP,,,,,,,,,,,,,,
SMIME Messaging,Packs/SMIME_Messaging/Integrations/SMIME_Messaging/SMIME_Messaging.yml,SMIME Messaging,,,,,,,,,,,,,,
SaaS Security Event Collector,Packs/PrismaSaasSecurity/Integrations/SaasSecurityEventCollector/SaasSecurityEventCollector.yml,Palo Alto Networks Prisma,,,,,,,,,,,,,,
SaasSecurity,Packs/PrismaSaasSecurity/Integrations/SaasSecurity/SaasSecurity.yml,Palo Alto Networks Prisma,,,,,,,,,,,,,,
SafeNetTrustedAccessEventCollector,Packs/SafeNet_Trusted_Access/Integrations/SafeNetTrustedAccessEventCollector/SafeNetTrustedAccessEventCollector.yml,Thales SafeNet,,,,,,,,,,,,,,
SailPointIdentityNowEventCollector,Packs/SailPointIdentityNow/Integrations/SailPointIdentityNowEventCollector/SailPointIdentityNowEventCollector.yml,SailPoint,,,,,,,,,,,,,,
Sample Incident Generator,Packs/sampleSiem/Integrations/SampleIncidentGenerator/SampleIncidentGenerator.yml,Cortex Automation Developer Tools,,,,,,,,,,,,,,
SaviyntEICEventCollector,Packs/SaviyntEIC/Integrations/SaviyntEICEventCollector/SaviyntEICEventCollector.yml,Saviynt,,,,,,,,,,,,,,
SecurityAndComplianceV2,Packs/MicrosoftExchangeOnline/Integrations/SecurityAndComplianceV2/SecurityAndComplianceV2.yml,Microsoft Microsoft 365,,,,,,,,,,,,,,
SentinelOneEventCollector,Packs/SentinelOne/Integrations/SentinelOneEventCollector/SentinelOneEventCollector.yml,SentinelOne,,,,,,,,,,,,,,
Server Message Block (SMB) v2,Packs/SMB/Integrations/SMB_v2/SMB_v2.yml,Microsoft Widnows Tools,,,,,,,,,,,,,,
Service Manager,Packs/HPE_Service_Manager/Integrations/ServiceManager/ServiceManager.yml,OpenText Service Manager (formerly Micro Focus),,,,,,,,,,,,,,
ServiceDeskPlus,Packs/ServiceDeskPlus/Integrations/ServiceDeskPlus/ServiceDeskPlus.yml,ManageEngine (Zoho),,,,,,,,,,,,,,
ServiceNow CMDB,Packs/ServiceNow/Integrations/ServiceNow_CMDB/ServiceNow_CMDB.yml,ServiceNow,,,,,,,,,,,,,,
ServiceNow Event Collector,Packs/ServiceNow/Integrations/ServiceNowEventCollector/ServiceNowEventCollector.yml,ServiceNow,,,,,,,,,,,,,,
ServiceNow IAM,Packs/ServiceNow/Integrations/ServiceNow_IAM/ServiceNow_IAM.yml,ServiceNow,,,,,,,,,,,,,,
ServiceNow v2,Packs/ServiceNow/Integrations/ServiceNowv2/ServiceNowv2.yml,ServiceNow,,,,,,,,,,,,,,
Shodan_v2,Packs/Shodan/Integrations/Shodan_v2/Shodan_v2.yml,Shodan,,,,,,,,,,,,,,
Signal Sciences WAF,Packs/SignalSciences/Integrations/SignalSciences/SignalSciences.yml,Fastly Signal Sciences WAF,,,,,,,,,,,,,,
Skyhigh Secure Web Gateway (On Prem),Packs/McAfeeWebGateway/Integrations/SkyhighSecureWebGatewayOnPrem/SkyhighSecureWebGatewayOnPrem.yml,Skyhigh Security,,,,,,,,,,,,,,
Skyhigh Security,Packs/SkyhighSecurity/Integrations/SkyhighSecurity/SkyhighSecurity.yml,Skyhigh Security,,,,,,,,,,,,,,
Slack Event Collector,Packs/Slack/Integrations/SlackEventCollector/SlackEventCollector.yml,Slack,,,,,,,,,,,,,,
Slack IAM,Packs/Slack/Integrations/Slack_IAM/Slack_IAM.yml,Slack,,,,,,,,,,,,,,
SlackV3,Packs/Slack/Integrations/SlackV3/SlackV3.yml,Slack,,,,,,,,,,,,,,
Snowflake,Packs/Snowflake/Integrations/Snowflake/Snowflake.yml,Snowflake,,,,,,,,,,,,,,
SolarWinds,Packs/SolarWinds/Integrations/SolarWinds/SolarWinds.yml,SolarWinds,,,,,,,,,,,,,,
Sophos Central,Packs/SophosCentral/Integrations/SophosCentral/SophosCentral.yml,Sophos,,,,,,,,,,,,,,
SpamhausFeed,Packs/FeedSpamhaus/Integrations/FeedSpamhaus/FeedSpamhaus.yml,Spamhaus,,,,,,,,,,,,,,
SplunkPy,Packs/SplunkPy/Integrations/SplunkPy/SplunkPy.yml,Splunk,,,,,,,,,,,,,,
SplunkPy v2,Packs/SplunkPy/Integrations/SplunkPyV2/SplunkPyV2.yml,Splunk,,,,,,,,,,,,,,
Stealthwatch Cloud,Packs/Stealthwatch_Cloud/Integrations/Stealthwatch_Cloud/Stealthwatch_Cloud.yml,Cisco Security,,,,,,,,,,,,,,
SumoLogic,Packs/SumoLogic/Integrations/SumoLogic/SumoLogic.yml,Sumo Logic,,,,,,,,,,,,,,
Symantec Cloud Secure Web Gateway Event Collector,Packs/SymantecCloudSecureWebGateway/Integrations/SymantecCloudSecureWebGatewayEventCollector/SymantecCloudSecureWebGatewayEventCollector.yml,Symantec (Broadcom),,,,,,,,,,,,,,
Symantec Data Loss Prevention v2,Packs/SymantecDLP/Integrations/SymantecDLPV2/SymantecDLPV2.yml,Symantec (Broadcom),,,,,,,,,,,,,,
Symantec Email Security Cloud,Packs/SymantecEmailSecurity/Integrations/SymantecEmailSecurity/SymantecEmailSecurity.yml,Symantec (Broadcom),,,,,,,,,,,,,,
Symantec Endpoint Protection V2,Packs/SymantecEndpointProtection/Integrations/SymantecEndpointProtection_V2/SymantecEndpointProtection_V2.yml,Symantec (Broadcom),,,,,,,,,,,,,,
Symantec Endpoint Security,Packs/SymantecEndpointSecurity/Integrations/SymantecEndpointSecurity/SymantecEndpointSecurity.yml,Symantec (Broadcom),,,,,,,,,,,,,,
Symantec MSS,Packs/SymantecMSS/Integrations/SymantecMSS/SymantecMSS.yml,Symantec (Broadcom),,,,,,,,,,,,,,
Symantec Management Center,Packs/SymantecManagementCenter/Integrations/SymantecManagementCenter/SymantecManagementCenter.yml,Symantec (Broadcom),,,,,,,,,,,,,,
Symantec Messaging Gateway,Packs/Symantec_Messaging_Gateway/Integrations/SymantecMessagingGateway/SymantecMessagingGateway.yml,Symantec (Broadcom),,,,,,,,,,,,,,
SymantecCloudSOCEventCollector,Packs/SymantecCloudSOC/Integrations/SymantecCloudSOCEventCollector/SymantecCloudSOCEventCollector.yml,Symantec (Broadcom),,,,,,,,,,,,,,
SymantecEDR,Packs/SymantecEDR/Integrations/SymantecEDR/SymantecEDR.yml,Symantec (Broadcom),,,,,,,,,,,,,,
SysAid,Packs/SysAid/Integrations/SysAid/SysAid.yml,SysAid,,,,,,,,,,,,,,
Syslog Sender,Packs/Syslog/Integrations/SyslogSender/SyslogSender.yml,Syslog Sender,,,,,,,,,,,,,,
TAXII 2 Feed,Packs/FeedTAXII/Integrations/FeedTAXII2/FeedTAXII2.yml,OASIS Open TAXII 2 Feed,,,,,,,,,,,,,,
TAXII Server,Packs/TAXIIServer/Integrations/TAXIIServer/TAXIIServer.yml,OASIS Open TAXII Server,,,,,,,,,,,,,,
TAXII2 Server,Packs/TAXIIServer/Integrations/TAXII2Server/TAXII2Server.yml,OASIS Open TAXII2 Server,,,,,,,,,,,,,,
TAXIIFeed,Packs/FeedTAXII/Integrations/FeedTAXII/FeedTAXII.yml,OASIS Open TAXIIFeed,,,,,,,,,,,,,,
TOPdesk,Packs/TOPdesk/Integrations/TOPdesk/TOPdesk.yml,TOPdesk,,,,,,,,,,,,,,
Tanium Threat Response,Packs/TaniumThreatResponse/Integrations/TaniumThreatResponse/TaniumThreatResponse.yml,Tanium,,,,,,,,,,,,,,
Tanium Threat Response v2,Packs/TaniumThreatResponse/Integrations/TaniumThreatResponseV2/TaniumThreatResponseV2.yml,Tanium,,,,,,,,,,,,,,
Tanium v2,Packs/Tanium/Integrations/Tanium_v2/Tanium_v2.yml,Tanium,,,,,,,,,,,,,,
TeamViewer Event Collector,Packs/TeamViewer/Integrations/TeamViewerEventCollector/TeamViewerEventCollector.yml,TeamViewer,,,,,,,,,,,,,,
Tenable.io,Packs/Tenable_io/Integrations/Tenable_io/Tenable_io.yml,Tenable,,,,,,,,,,,,,,
Tenable.sc,Packs/Tenable_sc/Integrations/Tenable_sc/Tenable_sc.yml,Tenable,,,,,,,,,,,,,,
TheHive Project,Packs/TheHiveProject/Integrations/TheHiveProject/TheHiveProject.yml,TheHive Project,,,,,,,,,,,,,,
Thinkst Canary,Packs/ThinkstCanary/Integrations/ThinkstCanary/ThinkstCanary.yml,Thinkst Canary,,,,,,,,,,,,,,
ThreatConnect Feed,Packs/FeedThreatConnect/Integrations/FeedThreatConnect/FeedThreatConnect.yml,ThreatConnect,,,,,,,,,,,,,,
ThreatConnect v3,Packs/ThreatConnect/Integrations/ThreatConnectV3/ThreatConnectV3.yml,ThreatConnect,,,,,,,,,,,,,,
ThreatExchange v2,Packs/ThreatExchange/Integrations/ThreatExchangeV2/ThreatExchangeV2.yml,ThreatExchange,,,,,,,,,,,,,,
ThreatFox Feed,Packs/FeedThreatFox/Integrations/FeedThreatFox/FeedThreatFox.yml,abuse.ch,,,,,,,,,,,,,,
ThreatGridv2,Packs/ThreatGrid/Integrations/ThreatGridv2/ThreatGridv2.yml,Cisco Security,,,,,,,,,,,,,,
ThreatMiner,Packs/ThreatMiner/Integrations/ThreatMiner/ThreatMiner.yml,ThreatMiner,,,,,,,,,,,,,,
ThreatQ v2,Packs/ThreatQ/Integrations/ThreatQ_v2/ThreatQ_v2.yml,ThreatQuotient,,,,,,,,,,,,,,
ThreatX,Packs/ThreatX/Integrations/ThreatX/ThreatX.yml,ThreatX,,,,,,,,,,,,,,
Tidy,Packs/Tidy/Integrations/Tidy/Tidy.yml,Tidy,,,,,,,,,,,,,,
Tor Exit Addresses Feed,Packs/FeedTorExitAddresses/Integrations/FeedTorExitAddresses/FeedTorExitAddresses.yml,Tor Project,,,,,,,,,,,,,,
Trend Micro Apex,Packs/TrendMicroApex/Integrations/TrendMicroApex/TrendMicroApex.yml,Trend Micro Trend Endpoint (Apex/Deep Sec),,,,,,,,,,,,,,
Trend Micro Deep Security,Packs/TrendMicroDeepSecurity/Integrations/TrendMicroDeepSecurity/TrendMicroDeepSecurity.yml,Trend Micro Trend Endpoint (Apex/Deep Sec),,,,,,,,,,,,,,
Trend Micro Email Security Event Collector,Packs/TrendMicroEmailSecurity/Integrations/TrendMicroEmailSecurityEventCollector/TrendMicroEmailSecurityEventCollector.yml,Trend Micro Trend Email & Cloud Security,,,,,,,,,,,,,,
TrendMicro Cloud App Security,Packs/TrendMicroCAS/Integrations/TrendMicroCAS/TrendMicroCAS.yml,Trend Micro Trend Email & Cloud Security,,,,,,,,,,,,,,
TrendMicroVisionOneEventCollector,Packs/TrendMicroVisionOne/Integrations/TrendMicroVisionOneEventCollector/TrendMicroVisionOneEventCollector.yml,Trend Micro Trend Vision One (XDR),,,,,,,,,,,,,,
Tripwire,Packs/Tripwire/Integrations/Tripwire/Tripwire.yml,Tripwire (Fortra),,,,,,,,,,,,,,
Twilio,Packs/Twilio/Integrations/Twilio/Twilio.yml,Twilio,,,,,,,,,,,,,,
Twilio SendGrid,Packs/TwilioSendGrid/Integrations/TwilioSendGrid/TwilioSendGrid.yml,Twilio,,,,,,,,,,,,,,
Twitter v2,Packs/Twitter/Integrations/Twitterv2/Twitterv2.yml,X (Twitter),,,,,,,,,,,,,,
URLhaus,Packs/URLHaus/Integrations/URLHaus/URLHaus.yml,abuse.ch,,,,,,,,,,,,,,
Unit 42 Feed,Packs/Unit42ThreatIntelligencebyPaloAltoNetworks/Integrations/Unit42Feed/Unit42Feed.yml,Palo Alto Networks Cortex,,,,,,,,,,,,,,
Unit 42 Intelligence,Packs/Unit42ThreatIntelligencebyPaloAltoNetworks/Integrations/Unit42Intelligence/Unit42Intelligence.yml,Palo Alto Networks Cortex,,,,,,,,,,,,,,
VMware,Packs/VMware/Integrations/VMware/VMware.yml,VMware,,,,,,,,,,,,,,
VMware Carbon Black EDR v2,Packs/Carbon_Black_Enterprise_Response/Integrations/CarbonBlackResponseV2/CarbonBlackResponseV2.yml,Carbon Black,,,,,,,,,,,,,,
VMware Workspace ONE UEM (AirWatch MDM),Packs/VMwareWorkspaceONEUEM/Integrations/VMwareWorkspaceONEUEM/VMwareWorkspaceONEUEM.yml,VMware,,,,,,,,,,,,,,
VectraAIEventCollector,Packs/Vectra_AI/Integrations/VectraAIEventCollector/VectraAIEventCollector.yml,Vectra AI,,,,,,,,,,,,,,
VenafiTLSProtect,Packs/Venafi/Integrations/VenafiV2/VenafiV2.yml,Venafi CyberArk,,,,,,,,,,,,,,
VercaraUltraDNS,Packs/VercaraUltraDNS/Integrations/VercaraUltraDNS/VercaraUltraDNS.yml,Vercara UltraDNS,,,,,,,,,,,,,,
Verodin,Packs/Verodin/Integrations/Verodin/Verodin.yml,Mandiant (Google) Mandiant,,,,,,,,,,,,,,
VersaDirector,Packs/VersaDirector/Integrations/VersaDirector/VersaDirector.yml,Versa Networks,,,,,,,,,,,,,,
Vertica,Packs/Vertica/Integrations/Vertica/Vertica.yml,Vertica,,,,,,,,,,,,,,
VulnDB,Packs/VulnDB/Integrations/VulnDB/VulnDB.yml,Flashpoint VulnDB,,,,,,,,,,,,,,
WhatsMyBrowser,Packs/WhatIsMyBrowser/Integrations/WhatIsMyBrowser/WhatIsMyBrowser.yml,WhatsMyBrowser.org,,,,,,,,,,,,,,
Whois,Packs/Whois/Integrations/Whois/Whois.yml,Whois,,,,,,,,,,,,,,
WildFire-Reports,Packs/Palo_Alto_Networks_WildFire/Integrations/WildFireReports/WildFireReports.yml,Palo Alto Networks PAN-OS,,,,,,,,,,,,,,
WildFire-v2,Packs/Palo_Alto_Networks_WildFire/Integrations/Palo_Alto_Networks_WildFire_v2/Palo_Alto_Networks_WildFire_v2.yml,Palo Alto Networks PAN-OS,,,,,,,,,,,,,,
WithSecureEventCollector,Packs/WithSecure/Integrations/WithSecureEventCollector/WithSecureEventCollector.yml,WithSecure,,,,,,,,,,,,,,
Workday,Packs/Workday/Integrations/Workday/Workday.yml,Workday,,,,,,,,,,,,,,
Workday Event Collector,Packs/Workday/Integrations/WorkdayEventCollector/WorkdayEventCollector.yml,Workday,,,,,,,,,,,,,,
Workday IAM,Packs/Workday/Integrations/Workday_IAM/Workday_IAM.yml,Workday,,,,,,,,,,,,,,
Workday Sign On Event Collector,Packs/Workday/Integrations/WorkdaySignOnEventCollector/WorkdaySignOnEventCollector.yml,Workday,,,,,,,,,,,,,,
XFE_v2,Packs/XForceExchange/Integrations/XFE_v2/XFE_v2.yml,IBM Security,,,,,,,,,,,,,,
XQL Query Engine,Packs/Core/Integrations/CortexCoreXQLQueryEngine/CortexCoreXQLQueryEngine.yml,Palo Alto Networks Cortex,,,,,,,,,,,,,,
Zendesk v2,Packs/Zendesk/Integrations/Zendeskv2/Zendeskv2.yml,Zendesk,,,,,,,,,,,,,,
ZeroNetworksSegmentEventCollector,Packs/ZeroNetworksSegment/Integrations/ZeroNetworksSegmentEventCollector/ZeroNetworksSegmentEventCollector.yml,Zero Networks,,,,,,,,,,,,,,
Zimperium,Packs/Zimperium/Integrations/Zimperium/Zimperium.yml,Zimperium,,,,,,,,,,,,,,
Zimperium v2,Packs/Zimperium/Integrations/ZimperiumV2/ZimperiumV2.yml,Zimperium,,,,,,,,,,,,,,
Zoom,Packs/Zoom/Integrations/Zoom/Zoom.yml,Zoom,,,,,,,,,,,,,,
Zoom Feed,Packs/FeedZoom/Integrations/FeedZoom/FeedZoom.yml,Zoom,,,,,,,,,,,,,,
Zoom Mail,Packs/ZoomMail/Integrations/ZoomMail/ZoomMail.yml,Zoom,,,,,,,,,,,,,,
ZoomEventCollector,Packs/Zoom/Integrations/ZoomEventCollector/ZoomEventCollector.yml,Zoom,,,,,,,,,,,,,,
Zoom_IAM,Packs/Zoom/Integrations/Zoom_IAM/Zoom_IAM.yml,Zoom,,,,,,,,,,,,,,
Zscaler,Packs/Zscaler/Integrations/Zscaler/Zscaler.yml,Zscaler,,,,,,,,,,,,,,
ZscalerZIdentity,Packs/Zscaler/Integrations/ZscalerZIdentity/ZscalerZIdentity.yml,Zscaler,,,,,,,,,,,,,,
abuse.ch SSL Blacklist Feed,Packs/Feedsslabusech/Integrations/Feedsslabusech/Feedsslabusech.yml,abuse.ch,,,,,,,,,,,,,,
carbonblackliveresponse,Packs/Carbon_Black_Enterprise_Live_Response/Integrations/Carbonblackliveresponse/Carbonblackliveresponse.yml,Carbon Black,,,,,,,,,,,,,,
checkpointdome9,Packs/CheckPointDome9/Integrations/CheckPointDome9/CheckPointDome9.yml,Check Point Dome9 (CloudGuard),,,,,,,,,,,,,,
dnstwist,Packs/dnstwist/Integrations/dnstwist/dnstwist.yml,dnstwist,,,,,,,,,,,,,,
fireeye,Packs/fireeye/Integrations/Fireeye/Fireeye.yml,Trellix Network & Malware Analysis,,,,,,,,,,,,,,
fortimail,Packs/Fortimail/Integrations/Fortimail/Fortimail.yml,Fortinet,,,,,,,,,,,,,,
fortiweb_vm,Packs/FortinetFortiwebVM/Integrations/FortinetFortiwebVM/FortinetFortiwebVM.yml,Fortinet,,,,,,,,,,,,,,
google-vault,Packs/GoogleVault/Integrations/GoogleVault/GoogleVault.yml,Google Google Workspace,,,,,,,,,,,,,,
iManageThreatManager,Packs/iManageThreatManager/Integrations/iManageThreatManager/iManageThreatManager.yml,iManage,,,,,,,,,,,,,,
icebrg,Packs/ICEBRG/Integrations/Icebrg/Icebrg.yml,Fortinet (Gigamon) FortiNDR Cloud,,,,,,,,,,,,,,
ipinfo_v2,Packs/ipinfo/Integrations/ipinfo_v2/ipinfo_v2.yml,IPinfo.io,,,,,,,,,,,,,,
jamf v2,Packs/jamf/Integrations/jamfV2/jamfV2.yml,Jamf,,,,,,,,,,,,,,
netskope_api_v2,Packs/Netskope/Integrations/NetskopeAPIv2/NetskopeAPIv2.yml,Netskope,,,,,,,,,,,,,,
nmap,Packs/Nmap/Integrations/Nmap/Nmap.yml,nmap,,,,,,,,,,,,,,
qualys_fim,Packs/QualysFIM/Integrations/QualysFIM/QualysFIM.yml,Qualys,,,,,,,,,,,,,,
rapid7appsec,Packs/Rapid7AppSec/Integrations/Rapid7AppSec/Rapid7AppSec.yml,Rapid7,,,,,,,,,,,,,,
sophos_firewall,Packs/SophosXGFirewall/Integrations/SophosXGFirewall/SophosXGFirewall.yml,Sophos,,,,,,,,,,,,,,
trustwave secure email gateway,Packs/TrustwaveSEG/Integrations/TrustwaveSEG/TrustwaveSEG.yml,Trustwave,,,,,,,,,,,,,,
Forcepoint DLP Event Collector,Packs/ForcepointDLP/Integrations/ForcepointEventCollector/ForcepointEventCollector.yml,Forcepoint,,,,,,,,,,,,,,
GenericAPIEventCollector,Packs/GenericAPIEventCollector/Integrations/GenericAPIEventCollector/GenericAPIEventCollector.yml,GenericAPIEventCollector,,,,,,,,,,,,,,
IBM Storage Scale,Packs/IBMStorageScale/Integrations/IBMStorageScale/IBMStorageScale.yml,IBM Storage,,,,,,,,,,,,,,
Kaspersky Security Center,Packs/KasperskySecurityCenter/Integrations/KasperskySecurityCenter/KasperskySecurityCenter.yml,Kaspersky,,,,,,,,,,,,,,
Palo Alto Networks Security Advisories,Packs/PaloAltoNetworks_SecurityAdvisories/Integrations/PaloAltoNetworksSecurityAdvisories/PaloAltoNetworksSecurityAdvisories.yml,Palo Alto Networks PAN-OS,,,,,,,,,,,,,,
PowerShell Remoting,Packs/PowershellRemoting/Integrations/PowerShellRemoting/PowerShellRemoting.yml,Microsoft Widnows Tools,,,,,,,,,,,,,,
QuestKace,Packs/QuestKace/Integrations/QuestKace/QuestKace.yml,QuestKace,,,,,,,,,,,,,,
Symantec Blue Coat Content and Malware Analysis,Packs/SymantecBlueCoatMalwareAnalysis/Integrations/SymantecBlueCoatMalwareAnalysis/SymantecBlueCoatMalwareAnalysis.yml,Symantec (Broadcom),,,,,,,,,,,,,,
Telegram_Beta,Packs/Telegram/Integrations/Telegram/Telegram.yml,Telegram,,,,,,,,,,,,,,
Trend Micro Deep Discovery Analyzer,Packs/TrendMicroDDA/Integrations/TrendMicroDDA/TrendMicroDDA.yml,Trend Micro Trend Sandbox (Deep Discovery),,,,,,,,,,,,,,
UptycsEventCollector,Packs/Uptycs/Integrations/UptycsEventCollector/UptycsEventCollector.yml,Uptycs,,,,,,,,,,,,,,
Windows Remote Management,Packs/WinRM/Integrations/WindowsRemoteManagement/WindowsRemoteManagement.yml,Microsoft Widnows Tools,,,,,,,,,,,,,,
Workday_IAM_Event_Generator,Packs/Workday/Integrations/WorkdayIAMEventsGenerator/WorkdayIAMEventsGenerator.yml,Workday,,,,,,,,,,,,,,
WorkdaySignonEventGenerator,Packs/Workday/Integrations/WorkdaySignonEventGenerator/WorkdaySignonEventGenerator.yml,Workday,,,,,,,,,,,,,,
