Connector ID,Author image path
1Password,Packs/OnePassword/Author_image.png
Abnormal Security,Packs/AbnormalSecurity/Author_image.png
Absolute Software Absolute,Packs/Absolute/Integrations/Absolute/Absolute_image.png
abuse.ch,Packs/Feedsslabusech/Integrations/Feedsslabusech/Feedsslabusech_image.png
AbuseIPDB,Packs/AbuseDB/Integrations/AbuseDB/AbuseDB_image.png
AdminByRequest,Packs/AdminByRequest/Integrations/AdminByRequestEventCollector/AdminByRequestEventCollector_image.png
Aha,Packs/AHA/Integrations/AHA/AHA_image.png
Akamai,Packs/Akamai_WAF/Integrations/Akamai_WAF/Akamai_WAF_image.png
AlgoSec,Packs/Algosec/Integrations/AlgoSec/AlgoSec_image.png
Alibaba Alibaba Cloud,Packs/AlibabaActionTrail/Integrations/AlibabaActionTrailEventCollector/AlibabaActionTrailEventCollector_image.png
Anomali,Packs/AnomaliThreatStreamFeed/Author_image.png
Apache ActiveMQ,Packs/ActiveMQ/Integrations/ActiveMQ/ActiveMQ_image.png
Apache KafkaV3,Packs/Kafka/Integrations/KafkaV3/KafkaV3_image.png
APIVoid,Packs/APIVoid/Integrations/APIVoid/APIVoid_image.png
AppSentinels,Packs/AppSentinelsAi/Integrations/AppSentinelsAi/AppSentinelsAi_image.png
ArcSight (OpenText) ArcSight (OpenText) ESM,Packs/ArcSightESM/Integrations/ArcSightESMv2/ArcSightESMv2_image.png
ArcSight (OpenText) ArcSight (OpenText) Logger,Packs/ArcSightLogger/Integrations/ArcSightLogger/ArcSightLogger_image.png
Arista Networks,Packs/AwakeSecurity/Integrations/AwakeSecurity/AwakeSecurity_image.png
Arkime,Packs/Arkime/Integrations/Arkime/Arkime_image.png
Armis,Packs/Armis/Author_image.png
AT&T Cybersecurity AlienVault,Packs/FeedAlienVault/Integrations/FeedAlienVaultOTXTaxii/FeedAlienVaultOTXTaxii_image.png
Atlassian,Packs/AtlassianCloudMCP/Integrations/AtlassianCloudMCP/AtlassianCloudMCP_image.png
Atlassian BitBucket,Packs/Bitbucket/Integrations/Bitbucket/Bitbucket_image.png
AttackIQ,Packs/AttackIQFireDrill/Integrations/AttackIQFireDrill/AttackIQFireDrill_image.png
AWS,Packs/AWS_DynamoDB/Integrations/AWS_DynamoDB/AWS_DynamoDB_image.png
Best Practical RTIR,Packs/RTIR/Integrations/RTIR/RTIR_image.png
BeyondTrust,Packs/BeyondTrust_Password_Safe/Integrations/BeyondTrust_Password_Safe/BeyondTrust_Password_Safe_image.png
BitSight,Packs/BitSight/Author_image.png
Bitwarden Bitwarden Password Manager,Packs/BitwardenPasswordManager/Author_image.png
BlackBerry Cylance,Packs/Cylance_Protect/Integrations/Cylance_Protect_v2/Cylance_Protect_v2_image.png
Blocklist.de Feed,Packs/FeedBlocklist_de/Integrations/FeedBlocklist_de/FeedBlocklist_de_image.png
BlueCat BluecatAddressManager,Packs/BluecatAddressManager/Integrations/BluecatAddressManager/BluecatAddressManager_image.png
BMC,Packs/BmcITSM/Integrations/BmcITSM/BmcITSM_image.png
BMC Helix Remedyforce,Packs/BmcHelixRemedyForce/Integrations/BmcHelixRemedyForce/BmcHelixRemedyForce_image.png
BMC Remedy AR,Packs/Remedy_AR/Integrations/RemedyAR/RemedyAR_image.png
Box,Packs/Box/Integrations/BoxV2/BoxV2_image.png
BruteForceBlocker Feed,Packs/FeedBruteForceBlocker/Integrations/FeedBruteForceBlocker/FeedBruteForceBlocker_image.png
C2sec irisk,Packs/C2sec/Integrations/C2sec/C2sec_image.png
CapeSandbox,Packs/CapeSandbox/Integrations/CapeSandbox/CapeSandbox_image.png
Carbon Black,Packs/CarbonBlackDefense/Integrations/CarbonBlackEndpointStandard/CarbonBlackEndpointStandard_image.png
Celonis,Packs/Celonis/Integrations/CelonisEventCollector/CelonisEventCollector_image.png
Centreon,Packs/Centreon/Integrations/Centreon/Centreon_image.png
Check Point Dome9 (CloudGuard),Packs/CheckPointDome9/Integrations/CheckPointDome9/CheckPointDome9_image.png
Check Point Firewall,Packs/CheckpointFirewall/Integrations/CheckPointFirewallV2/CheckPointFirewallV2_image.png
Check Point Harmony Endpoint,Packs/CheckPointHarmonyEndpoint/Integrations/CheckPointHarmonyEndpoint/CheckPointHarmonyEndpoint_image.png
Check Point Threat Emulation (SandBlast),Packs/CheckPointSandBlast/Integrations/CheckPointSandBlast/CheckPointSandBlast_image.png
CheckPhish,Packs/CheckPhish/Integrations/CheckPhish/CheckPhish_image.png
CipherTrust,Packs/ThalesCipherTrustManager/Author_image.png
CIRCL,Packs/CIRCL/Integrations/CIRCL/CIRCL_image.png
CIRCL CVE Search,Packs/CIRCL/Integrations/CirclCVESearch/CirclCVESearch_image.png
CircleCI,Packs/CircleCI/Integrations/CircleCI/CircleCI_image.png
Cisco (Splunk) AppDynamics,Packs/CiscoAppDynamics/Author_image.png
Cisco Cisco Umbrella,Packs/Cisco-umbrella-cloud-security/Integrations/CiscoUmbrellaCloudSecurityv2/CiscoUmbrellaCloudSecurityv2_image.png
Cisco Duo,Packs/DuoAdminApi/Integrations/DuoAdminApi/DuoAdminApi_image.png
Cisco Meraki,Packs/cisco-meraki/Integrations/CiscoMerakiv2/CiscoMerakiv2_image.png
Cisco Security,Packs/CiscoThousandEyes/Author_image.png
Cisco Threat Intel Feed,Packs/PhishTank/Integrations/PhishTankV2/PhishTankV2_image.png
Citrix,Packs/Citrix/Integrations/CitrixCloudEventCollector/CitrixCloudEventCollector_image.png
Clarizen,Packs/Clarizen/Integrations/ClarizenIAM/ClarizenIAM_image.png
Cloaken,Packs/Cloaken/Integrations/Cloaken/Cloaken_image.png
CloudConvert,Packs/CloudConvert/Integrations/CloudConvert/CloudConvert_image.png
Cloudflare,Packs/FeedCloudflare/Integrations/FeedCloudflare/FeedCloudflare_image.png
Code42,Packs/Code42/Author_image.png
Cohesity,Packs/CohesityHelios/Author_image.png
Cortex Automation Developer Tools,Packs/DBotTruthBombs/Integrations/DBotTruthBombs/DBotTruthBombs_image.png
CounterTack,Packs/CounterTack/Integrations/CounterTack/CounterTack_image.png
CrowdStrike Falcon,Packs/CrowdStrikeIntel/Integrations/CrowdStrikeFalconIntel_v2/CrowdStrikeFalconIntel_v2_image.png
Cryptocurrency,Packs/Cryptocurrency/Integrations/Cryptocurrency/Cryptocurrency_image.png
CSVFeed,Packs/FeedCSV/Integrations/FeedCSV/FeedCSV_image.png
Cuckoo Cuckoo Sandbox,Packs/CuckooSandbox/Integrations/CuckooSandbox/CuckooSandbox_image.png
CybelAngel,Packs/CybelAngel/Author_image.png
Cyber Triage,Packs/CyberTriage/Integrations/CyberTriage/CyberTriage_image.png
CyberArk,Packs/CyberArkEPM/Author_image.png
Cyfirma DeCYFIR,Packs/DeCYFIR/Author_image.png
Darktrace,Packs/Darktrace/Author_image.png
DeHashed,Packs/DeHashed/Integrations/DeHashed/DeHashed_image.png
DHS,Packs/FeedDHS/Integrations/DHS_Feed/DHS_Feed_image.png
Digital Guardian (Fortra) Data Loss Prevention (DLP),Packs/DigitalGuardian/Author_image.png
dnstwist,Packs/dnstwist/Integrations/dnstwist/dnstwist_image.png
Docusign,Packs/Docusign/Integrations/Docusign/Docusign_image.png
Dropbox,Packs/Dropbox/Integrations/DropboxEventCollector/DropboxEventCollector_image.png
Druva,Packs/Druva/Author_image.png
EasyVista,Packs/EasyVista/Integrations/EasyVista/EasyVista_image.png
EDL,Packs/EDL/Integrations/EDL/EDL_image.png
ElasticSearch,Packs/Elasticsearch/Integrations/Elasticsearch_v2/Elasticsearch_v2_image.png
Email Hippo,Packs/EmailHippo/Integrations/EmailHippo/EmailHippo_image.png
Endgame,Packs/Endgame/Integrations/Endgame/Endgame_image.png
Envoy,Packs/Envoy/Integrations/EnvoyIAM/EnvoyIAM_image.png
Exabeam,Packs/Exabeam/Integrations/Exabeam/Exabeam_image.png
ExtraHop,Packs/ExtraHop/Author_image.png
F5,Packs/F5/Integrations/F5_ASM/F5_ASM_image.png
Fastly Feed,Packs/FeedFastly/Integrations/FeedFastly/FeedFastly_image.png
Fastly Signal Sciences WAF,Packs/SignalSciences/Integrations/SignalSciences/SignalSciences_image.png
Fidelis,Packs/FidelisEndpoint/Integrations/FidelisEndpoint/FidelisEndpoint_image.png
Fidelis Elevate Network,Packs/FidelisElevateNetwork/Integrations/FidelisElevateNetwork/FidelisElevateNetwork_image.png
Flashpoint VulnDB,Packs/VulnDB/Integrations/VulnDB/VulnDB_image.png
Forcepoint,Packs/Forcepoint/Integrations/Forcepoint/Forcepoint_image.png
Forescout,Packs/Forescout/Integrations/Forescout/Forescout_image.png
Fortinet,Packs/FortiGate/Integrations/FortiGate/FortiGate_image.png
Fortinet (Gigamon) FortiNDR Cloud,Packs/ICEBRG/Integrations/Icebrg/Icebrg_image.png
FraudWatch,Packs/FraudWatch/Integrations/FraudWatch/FraudWatch_image.png
Freshworks Freshdesk,Packs/FreshDesk/Integrations/FreshDesk/FreshDesk_image.png
Freshworks Freshservice,Packs/FreshworksFreshservice/Integrations/FreshworksFreshservice/FreshworksFreshservice_image.png
Gamma,Packs/Gamma/Integrations/Gamma/Gamma_image.png
Generic MCP,Packs/GenericMCP/Integrations/GenericMCP/GenericMCP_image.png
Generic SQL,Packs/GenericSQL/Integrations/GenericSQL/GenericSQL_image.png
Generic Webhook,Packs/GenericWebhook/Integrations/GenericWebhook/GenericWebhook_image.png
GenericAPIEventCollector,Packs/GenericAPIEventCollector/Integrations/GenericAPIEventCollector/GenericAPIEventCollector_image.png
Genesys,Packs/GenesysCloud/Integrations/GenesysCloud/GenesysCloud_image.png
Genetec Physical Security,Packs/GenetecSecurityCenter/Integrations/GenetecSecurityCenterEventCollector/GenetecSecurityCenterEventCollector_image.png
Giphy,Packs/Giphy/Integrations/Giphy/Giphy_image.png
GitGuardian,Packs/GitGuardian/Integrations/GitGuardianEventCollector/GitGuardianEventCollector_image.png
GitLab,Packs/GitLab/Integrations/GitLabEventCollector/GitLabEventCollector_image.png
Google GCP,Packs/GCP-IAM/Integrations/GCPIAM/GCPIAM_image.png
Google Google AI,Packs/GoogleGemini/Integrations/GoogleGemini/GoogleGemini_image.png
Google Google IP Ranges Feed,Packs/FeedGCPWhitelist/Integrations/FeedGoogleIPRanges/FeedGoogleIPRanges_image.png
Google Google Safe Browsing v2,Packs/GoogleSafeBrowsing/Integrations/GoogleSafeBrowsingV2/GoogleSafeBrowsingV2_image.png
Google Google Workspace,Packs/GSuiteSecurityAlertCenter/Integrations/GSuiteSecurityAlertCenter/GSuiteSecurityAlertCenter_image.png
Google GoogleMaps,Packs/GoogleMaps/Integrations/GoogleMaps/GoogleMaps_image.png
Grafana Labs,Packs/Grafana/Integrations/Grafana/Grafana_image.png
GraphQL,Packs/GraphQL/Integrations/GraphQL/GraphQL_image.png
GRR,Packs/GRR/Integrations/GRR/GRR_image.png
Halcyon,Packs/Halcyon/Integrations/Halcyon/Halcyon_image.png
HashiCorp,Packs/HashiCorp-Vault/Integrations/HashiCorpVault/HashiCorpVault_image.png
HCL BigFix,Packs/BigFix/Integrations/BigFix/BigFix_image.png
HIBP Have I Been Pwned,Packs/Pwned/Integrations/PwnedV2/PwnedV2_image.png
Hornetsecurity IsItPhishing,Packs/IsItPhishing/Integrations/IsItPhishing/IsItPhishing_image.png
Hostio Solutions HostIo,Packs/HostIo/Integrations/HostIo/HostIo_image.png
HPE Aruba,Packs/HPEArubaCentral/Integrations/HPEArubaCentralEventCollector/HPEArubaCentralEventCollector_image.png
IBM QRadar,Packs/QRadar/Integrations/QRadar_v3/QRadar_v3_image.png
IBM QRadar SOAR (Resilient),Packs/IBMResilientSystems/Integrations/IBMResilientSystems/IBMResilientSystems_image.png
IBM Security,Packs/IBMMaaS360Security/Integrations/IBMMaaS360SecurityEventCollector/IBMMaaS360SecurityEventCollector_image.png
IBM Storage,Packs/IBMStorageScale/Integrations/IBMStorageScale/IBMStorageScale_image.png
iManage,Packs/iManageThreatManager/Integrations/iManageThreatManager/iManageThreatManager_image.png
Imperva,Packs/Imperva_Skyfence/Integrations/ImpervaSkyfence/ImpervaSkyfence_image.png
Imperva Incapsula,Packs/Incapsula/Integrations/Incapsula/Incapsula_image.png
InfoArmor,Packs/InfoArmor_VigilanteATI/Integrations/InfoArmorVigilanteATI/InfoArmorVigilanteATI_image.png
Infoblox,Packs/InfobloxBloxOne/Author_image.png
Intellum ExceedLMS IAM,Packs/ExceedLMS/Integrations/IAMExceedLMS/IAMExceedLMS_image.png
IPinfo.io,Packs/ipinfo/Integrations/ipinfo_v2/ipinfo_v2_image.png
Ipstack,Packs/Ipstack/Integrations/Ipstack/Ipstack_image.png
Ironscales,Packs/IronscalesEventCollector/Integrations/IronscalesEventCollector/IronscalesEventCollector_image.png
Ivanti Cherwell,Packs/Cherwell/Integrations/Cherwell/Cherwell_image.png
Ivanti Heat,Packs/IvantiHeat/Integrations/IvantiHeat/IvantiHeat_image.png
Jamf,Packs/JamfProtect/Integrations/JamfProtectEventCollector/JamfProtectEventCollector_image.png
Joe Security,Packs/JoeSecurity/Integrations/JoeSecurityV2/JoeSecurityV2_image.png
JSON Feed,Packs/FeedJSON/Integrations/FeedJSON/FeedJSON_image.png
JsonWhoIs.com,Packs/JsonWhoIs/Integrations/JsonWhoIs/JsonWhoIs_image.png
Kaspersky,Packs/KasperskySecurityCenter/Integrations/KasperskySecurityCenter/KasperskySecurityCenter_image.png
Keeper Security,Packs/KeeperSecurity/Author_image.png
Kenna Security,Packs/Kenna/Integrations/KennaV2/KennaV2_image.png
KnowBe4,Packs/KnowBe4_KMSAT/Author_image.png
Koodous,Packs/Koodous/Integrations/Koodous/Koodous_image.png
Lastline sandbox,Packs/Lastline/Integrations/Lastline_v2/Lastline_v2_image.png
Lockpath Lockpath KeyLight v2,Packs/Lokpath_Keylight/Integrations/Lockpath_KeyLight_v2/Lockpath_KeyLight_v2_image.png
LogRhythm LogRhythmRest V2,Packs/LogRhythmRest/Integrations/LogRhythmRest/LogRhythmRest_image.png
LOLBAS Project LOLBAS Feed,Packs/FeedLOLBAS/Integrations/FeedLOLBAS/FeedLOLBAS_image.png
Looker,Packs/Looker/Integrations/Looker/Looker_image.png
Lookout LookoutMobileEndpointSecurity,Packs/LookoutMobileEndpointSecurity/Integrations/LookoutMobileEndpointSecurity/LookoutMobileEndpointSecurity_image.png
Mail utilities,Packs/MailListener/Integrations/MailListenerV2/MailListenerV2_image.png
Majestic Majestic Million,Packs/FeedMajesticMillion/Integrations/MajesticMillion/MajesticMillion_image.png
Maltiverse,Packs/Maltiverse/Integrations/Maltiverse/Maltiverse_image.png
ManageEngine (Zoho),Packs/ManageEngine/Author_image.png
Mandiant (Google) Mandiant,Packs/Verodin/Integrations/Verodin/Verodin_image.png
Mattermost MattermostV2,Packs/Mattermost/Integrations/MattermostV2/MattermostV2_image.png
MaxMind MaxMind GeoIP2,Packs/MaxMind_GeoIP2/Integrations/MaxMind_GeoIP2/MaxMind_GeoIP2_image.png
Microsoft Active Directory,Packs/Active_Directory_Query/Integrations/Active_Directory_Query/Active_Directory_Query_image.png
Microsoft Azure,Packs/AzureCompute/Integrations/AzureCompute_v2/AzureCompute_v2_image.png
Microsoft Azure Log Analytics,Packs/AzureLogAnalytics/Integrations/AzureLogAnalytics/AzureLogAnalytics_image.png
Microsoft AzureDevOps,Packs/AzureDevOps/Integrations/AzureDevOps/AzureDevOps_image.png
Microsoft Endpoint Configuration Manager,Packs/MicrosoftECM/Integrations/MicrosoftECM/MicrosoftECM_image.png
Microsoft Entra ID,Packs/FeedAzureADConnectHealth/Integrations/AzureADConnectHealthFeed/AzureADConnectHealthFeed_image.png
Microsoft GitHub,Packs/GitHub/Integrations/GitHub/GitHub_image.png
Microsoft Microsoft 365,Packs/MicrosoftExchangeOnline/Integrations/EwsExtensionEXOPowershellV3/EwsExtensionEXOPowershellV3_image.png
Microsoft MS Graph,Packs/MicrosoftGraphAPI/Integrations/MicrosoftGraphAPI/MicrosoftGraphAPI_image.png
Microsoft Security,Packs/AzureSecurityCenter/Integrations/AzureSecurityCenter_v2/AzureSecurityCenter_v2_image.png
Microsoft Widnows Tools,Packs/PowershellRemoting/Integrations/PowerShellRemoting/PowerShellRemoting_image.png
Mimecast,Packs/Mimecast/Integrations/MimecastEventCollectorV2/MimecastEventCollectorV2_image.png
MISP,Packs/FeedMISPThreatActors/Integrations/FeedMISPThreatActors/FeedMISPThreatActors_image.png
MITRE,Packs/FeedMitreAttackv2/Integrations/FeedMitreAttackv2/FeedMitreAttackv2_image.png
Monday.com,Packs/Monday/Integrations/MondayEventCollector/MondayEventCollector_image.png
MongoDB,Packs/MongoDBAtlas/Author_image.png
MxToolBox,Packs/MxToolBox/Integrations/MxToolBox/MxToolBox_image.png
NetBox Labs NetBox Event Collector,Packs/NetBox/Integrations/NetBoxEventCollector/NetBoxEventCollector_image.png
Netcraft,Packs/Netcraft_V2/Integrations/Netcraft/Netcraft_image.png
Netmiko,Packs/Netmiko/Integrations/Netmiko/Netmiko_image.png
NetQuest,Packs/NetQuestOMX/Integrations/NetQuestOMX/NetQuestOMX_image.png
Netskope,Packs/Netskope/Integrations/NetskopeAPIv2/NetskopeAPIv2_image.png
NIST,Packs/FeedNVDv2/Integrations/FeedNVDv2/FeedNVDv2_image.png
nmap,Packs/Nmap/Integrations/Nmap/Nmap_image.png
Nutanix Virtualization,Packs/NutanixHypervisor/Integrations/NutanixHypervisor/NutanixHypervisor_image.png
OASIS Open TAXII 2 Feed,Packs/FeedTAXII/Integrations/FeedTAXII2/FeedTAXII2_image.png
OASIS Open TAXII Server,Packs/TAXIIServer/Integrations/TAXIIServer/TAXIIServer_image.png
OASIS Open TAXII2 Server,Packs/TAXIIServer/Integrations/TAXII2Server/TAXII2Server_image.png
OASIS Open TAXIIFeed,Packs/FeedTAXII/Integrations/FeedTAXII/FeedTAXII_image.png
Okta,Packs/OktaASA/Author_image.png
OneLogin,Packs/OneLogin/Integrations/OneLoginEventCollector/OneLoginEventCollector_image.png
OpenAI,Packs/OpenAI/Integrations/OpenAiChatGPTV3/OpenAiChatGPTV3_image.png
OpenCTI,Packs/OpenCTI/Integrations/OpenCTI/OpenCTI_image.png
OpenCVE,Packs/OpenCVE/Integrations/OpenCVE/OpenCVE_image.png
OpenLDAP,Packs/OpenLDAP/Integrations/OpenLDAP/OpenLDAP_image.png
OpenPhish,Packs/OpenPhish/Integrations/OpenPhish_v2/OpenPhish_v2_image.png
OpenText EnCase Endpoint Investigator,Packs/Guidance_Encase_Endpoint/Integrations/GuidanceEncaseEndpoint/GuidanceEncaseEndpoint_image.png
OpenText Service Manager (formerly Micro Focus),Packs/HPE_Service_Manager/Integrations/ServiceManager/ServiceManager_image.png
OPSWAT Metadefender,Packs/opswat-metadefender/Integrations/OPSWATMetadefenderV2/OPSWATMetadefenderV2_image.png
Oracle IAM,Packs/Oracle_IAM/Integrations/OracleIAM/OracleIAM_image.png
Oracle OCI,Packs/OracleCloudInfrastructure/Integrations/OracleCloudInfrastructureEventCollector/OracleCloudInfrastructureEventCollector_image.png
Orca Security,Packs/Orca/Author_image.png
PacketMail,Packs/PacketMail/Integrations/PacketMail/PacketMail_image.png
Packetsled,Packs/Packetsled/Integrations/Packetsled/Packetsled_image.png
PagerDuty,Packs/PagerDuty/Integrations/PagerDuty/PagerDuty_image.png
Palo Alto Networks Cortex,Packs/DemistoLocking/Integrations/CoreLock/CoreLock_image.png
Palo Alto Networks Internal Support / Helpdesk,Packs/PATHelpdeskAdvanced/Integrations/PATHelpdeskAdvanced/PATHelpdeskAdvanced_image.png
Palo Alto Networks PAN-OS,Packs/PaloAltoNetworksAIOps/Integrations/PaloAltoNetworksAIOps/PaloAltoNetworksAIOps_image.png
Palo Alto Networks Prisma,Packs/PrismaAccess/Integrations/PrismaSASE/PrismaSASE_image.png
Perch,Packs/Perch/Integrations/Perch/Perch_image.png
PhishLabs,Packs/PhishLabs/Integrations/PhishLabsIOC/PhishLabsIOC_image.png
Pipl,Packs/Pipl/Integrations/Pipl/Pipl_image.png
Plain Text Feed,Packs/FeedPlainText/Integrations/FeedPlainText/FeedPlainText_image.png
Proofpoint,Packs/ProofpointIsolation/Author_image.png
ProtectWise,Packs/ProtectWise/Integrations/ProtectWise/ProtectWise_image.png
Public DNS Feed,Packs/FeedPublicDNS/Integrations/FeedPublicDNS/FeedPublicDNS_image.png
Qualys,Packs/QualysFIM/Integrations/QualysFIM/QualysFIM_image.png
QuestKace,Packs/QuestKace/Integrations/QuestKace/QuestKace_image.png
Radware,Packs/RadwareCloudDDoSProtectionServices/Integrations/RadwareCloudDDoSProtectionServices/RadwareCloudDDoSProtectionServices_image.png
Rapid7,Packs/Rapid7_InsightIDR/Integrations/Rapid7_InsightIDR/Rapid7_InsightIDR_image.png
Rasterize,Packs/rasterize/Integrations/rasterize/rasterize_image.png
Recorded Future,Packs/RecordedFuture/Author_image.png
Red Canary,Packs/RedCanary/Integrations/RedCanary/RedCanary_image.png
Red Hat Ansible,Packs/AnsibleLinux/Integrations/AnsibleACME/AnsibleACME_image.png
Redmine,Packs/Redmine/Integrations/Redmine/Redmine_image.png
ReliaQuest,Packs/DigitalShadows/Author_image.png
RemoteAccess v2,Packs/RemoteAccess/Integrations/RemoteAccessv2/RemoteAccessv2_image.png
Retarus Secure Email Gateway,Packs/RetarusSecureEmailGateway/Integrations/RetarusSecureEmailGateway/RetarusSecureEmailGateway_image.png
RSA,Packs/ArcherRSA/Integrations/ArcherV2/ArcherV2_image.png
RSS Advisory Board (Standard) RSS Feed,Packs/FeedRSS/Integrations/FeedRSS/FeedRSS_image.png
RunZero,Packs/RunZero/Integrations/RunZeroEventCollector/RunZeroEventCollector_image.png
SailPoint,Packs/SailPointIdentityNow/Author_image.png
SANS Institute DShield Feed,Packs/FeedDShield/Integrations/FeedDShield/FeedDShield_image.png
SAP,Packs/SAPCloudForCustomerC4C/Author_image.png
Saviynt,Packs/SaviyntEIC/Integrations/SaviyntEICEventCollector/SaviyntEICEventCollector_image.png
Sekoia,Packs/Koi/Integrations/Koi/Koi_image.png
SentinelOne,Packs/SentinelOne/Author_image.png
ServiceNow,Packs/ServiceNow/Integrations/ServiceNow_CMDB/ServiceNow_CMDB_image.png
Shodan,Packs/Shodan/Integrations/Shodan_v2/Shodan_v2_image.png
Skyhigh Security,Packs/McAfeeWebGateway/Integrations/SkyhighSecureWebGatewayOnPrem/SkyhighSecureWebGatewayOnPrem_image.png
Slack,Packs/Slack/Integrations/SlackEventCollector/SlackEventCollector_image.png
SMIME Messaging,Packs/SMIME_Messaging/Integrations/SMIME_Messaging/SMIME_Messaging_image.png
Snowflake,Packs/Snowflake/Integrations/Snowflake/Snowflake_image.png
SolarWinds,Packs/SolarWinds/Integrations/SolarWinds/SolarWinds_image.png
Sophos,Packs/SophosCentral/Author_image.png
Spamhaus,Packs/FeedSpamhaus/Integrations/FeedSpamhaus/FeedSpamhaus_image.png
SpecterOps BloodHoundEnterprise,Packs/BloodHoundEnterprise/Author_image.png
Splunk,Packs/SplunkPy/Integrations/SplunkPy/SplunkPy_image.png
Sublime Security EmailRepIO,Packs/EmailRepIO/Integrations/EmailRepIO/EmailRepIO_image.png
Sumo Logic,Packs/SumoLogic/Integrations/SumoLogic/SumoLogic_image.png
Symantec (Broadcom),Packs/SymantecBlueCoatMalwareAnalysis/Integrations/SymantecBlueCoatMalwareAnalysis/SymantecBlueCoatMalwareAnalysis_image.png
SysAid,Packs/SysAid/Integrations/SysAid/SysAid_image.png
Syslog Sender,Packs/Syslog/Integrations/SyslogSender/SyslogSender_image.png
Tanium,Packs/TaniumThreatResponse/Integrations/TaniumThreatResponse/TaniumThreatResponse_image.png
TeamViewer,Packs/TeamViewer/Integrations/TeamViewerEventCollector/TeamViewerEventCollector_image.png
Telegram,Packs/Telegram/Integrations/Telegram/Telegram_image.png
Tenable,Packs/nessus/Integrations/Nessus/Nessus_image.png
Tesseract Image OCR,Packs/ImageOCR/Integrations/ImageOCR/ImageOCR_image.png
Thales SafeNet,Packs/SafeNet_Trusted_Access/Author_image.png
TheHive Project,Packs/TheHiveProject/Integrations/TheHiveProject/TheHiveProject_image.png
Thinkst Canary,Packs/ThinkstCanary/Integrations/ThinkstCanary/ThinkstCanary_image.png
ThreatConnect,Packs/FeedThreatConnect/Integrations/FeedThreatConnect/FeedThreatConnect_image.png
ThreatExchange,Packs/ThreatExchange/Integrations/ThreatExchangeV2/ThreatExchangeV2_image.png
ThreatMiner,Packs/ThreatMiner/Integrations/ThreatMiner/ThreatMiner_image.png
ThreatQuotient,Packs/ThreatQ/Integrations/ThreatQ_v2/ThreatQ_v2_image.png
ThreatX,Packs/ThreatX/Integrations/ThreatX/ThreatX_image.png
Tidy,Packs/Tidy/Integrations/Tidy/Tidy_image.png
TOPdesk,Packs/TOPdesk/Integrations/TOPdesk/TOPdesk_image.png
Tor Project,Packs/FeedTorExitAddresses/Integrations/FeedTorExitAddresses/FeedTorExitAddresses_image.png
Trellix Database Security,Packs/mcafeeDam/Integrations/McAfeeDAM/McAfeeDAM_image.png
Trellix Email Security (ETP),Packs/FireEyeEX/Integrations/FireEyeEX/FireEyeEX_image.png
Trellix Endpoint (ePO),Packs/McAfee_Advanced_Threat_Defense/Integrations/McAfee_Advanced_Threat_Defense/McAfee_Advanced_Threat_Defense_image.png
Trellix Endpoint (HX),Packs/FireEyeETP/Integrations/FireEyeETP/FireEyeETP_image.png
Trellix Network & Malware Analysis,Packs/fireeye/Integrations/Fireeye/Fireeye_image.png
Trellix Network (IPS),Packs/McAfeeNSM/Integrations/McAfeeNSMv2/McAfeeNSMv2_image.png
Trellix Network Security (NX),Packs/FireEyeCM/Integrations/FireEyeCM/FireEyeCM_image.png
Trellix Sandbox (ATD),Packs/McAfee_DXL/Integrations/McAfee_DXL/McAfee_DXL_image.png
Trellix SIEM (ESM),Packs/McAfee-MAR/Integrations/McAfee-MAR/McAfee-MAR_image.png
Trellix Threat Intel,Packs/FireEyeHX/Integrations/FireEyeHXEventCollector/FireEyeHXEventCollector_image.png
Trend Micro Trend Email & Cloud Security,Packs/TrendMicroEmailSecurity/Integrations/TrendMicroEmailSecurityEventCollector/TrendMicroEmailSecurityEventCollector_image.png
Trend Micro Trend Endpoint (Apex/Deep Sec),Packs/TrendMicroApex/Integrations/TrendMicroApex/TrendMicroApex_image.png
Trend Micro Trend Sandbox (Deep Discovery),Packs/TrendMicroDDA/Integrations/TrendMicroDDA/TrendMicroDDA_image.png
Trend Micro Trend Vision One (XDR),Packs/TrendMicroVisionOne/Author_image.png
Tripwire (Fortra),Packs/Tripwire/Integrations/Tripwire/Tripwire_image.png
Trustwave,Packs/TrustwaveSEG/Integrations/TrustwaveSEG/TrustwaveSEG_image.png
Twilio,Packs/Twilio/Integrations/Twilio/Twilio_image.png
Uptycs,Packs/Uptycs/Author_image.png
Vectra AI,Packs/Vectra_AI/Author_image.png
Venafi CyberArk,Packs/Venafi/Integrations/VenafiV2/VenafiV2_image.png
Vercara UltraDNS,Packs/VercaraUltraDNS/Integrations/VercaraUltraDNS/VercaraUltraDNS_image.png
Versa Networks,Packs/VersaDirector/Integrations/VersaDirector/VersaDirector_image.png
Vertica,Packs/Vertica/Integrations/Vertica/Vertica_image.png
VMware,Packs/VMware/Integrations/VMware/VMware_image.png
WhatsMyBrowser.org,Packs/WhatIsMyBrowser/Integrations/WhatIsMyBrowser/WhatIsMyBrowser_image.png
Whois,Packs/Whois/Integrations/Whois/Whois_image.png
WithSecure,Packs/WithSecure/Integrations/WithSecureEventCollector/WithSecureEventCollector_image.png
Workday,Packs/Workday/Integrations/Workday/Workday_image.png
X (Twitter),Packs/Twitter/Integrations/Twitterv2/Twitterv2_image.png
Zendesk,Packs/Zendesk/Integrations/Zendeskv2/Zendeskv2_image.png
Zero Networks,Packs/ZeroNetworksSegment/Integrations/ZeroNetworksSegmentEventCollector/ZeroNetworksSegmentEventCollector_image.png
Zimperium,Packs/Zimperium/Integrations/Zimperium/Zimperium_image.png
Zoom,Packs/Zoom/Integrations/Zoom/Zoom_image.png
Zscaler,Packs/Zscaler/Integrations/Zscaler/Zscaler_image.png
